task,positional,seed,cohort,ood,digits,d_model,n_layers,steps,params,lr,loss_reduction,final_loss,diverged,flat,device,n_eval,exact_acc,digit_acc,chance_exact,chance_digit,per_place_acc,mean_wrong_digits
addition,none,0,id_1d,False,1,256,4,6000,3166221,0.0003,token,1.06507,False,False,cuda:0,41,1.0,1.0,0.121951,0.44615,1.000|1.000,0.0
addition,none,0,id_2d,False,2,256,4,6000,3166221,0.0003,token,1.06507,False,False,cuda:0,2000,0.075,0.43692,0.013,0.3148,0.258|0.274|1.000,1.588
addition,none,0,id_3d,False,3,256,4,6000,3166221,0.0003,token,1.06507,False,False,cuda:0,2000,0.0165,0.35261,0.004,0.26297,0.210|0.229|0.222|1.000,2.379
addition,none,0,id_4d,False,4,256,4,6000,3166221,0.0003,token,1.06507,False,False,cuda:0,2000,0.0015,0.29074,0.0015,0.22979,0.189|0.183|0.176|0.187|1.000,3.269
addition,none,0,ood_5d,True,5,256,4,6000,3166221,0.0003,token,1.06507,False,False,cuda:0,2000,0.0,0.25824,0.001,0.20418,0.170|0.173|0.183|0.160|0.163|1.000,4.151
addition,none,0,ood_6d,True,6,256,4,6000,3166221,0.0003,token,1.06507,False,False,cuda:0,2000,0.0,0.22711,0.001,0.19165,0.159|0.148|0.146|0.137|0.164|0.147|1.000,5.099
addition,none,0,ood_7d,True,7,256,4,6000,3166221,0.0003,token,1.06507,False,False,cuda:0,2000,0.0,0.21599,0.001,0.18183,0.141|0.144|0.143|0.148|0.155|0.153|0.147|1.000,5.968
addition,learned,0,id_1d,False,1,256,4,6000,3170317,0.0003,token,1e-05,False,False,cuda:0,41,1.0,1.0,0.121951,0.44615,1.000|1.000,0.0
addition,learned,0,id_2d,False,2,256,4,6000,3170317,0.0003,token,1e-05,False,False,cuda:0,2000,1.0,1.0,0.013,0.3148,1.000|1.000|1.000,0.0
addition,learned,0,id_3d,False,3,256,4,6000,3170317,0.0003,token,1e-05,False,False,cuda:0,2000,1.0,1.0,0.004,0.26297,1.000|1.000|1.000|1.000,0.0
addition,learned,0,id_4d,False,4,256,4,6000,3170317,0.0003,token,1e-05,False,False,cuda:0,2000,1.0,1.0,0.0015,0.22979,1.000|1.000|1.000|1.000|1.000,0.0
addition,learned,0,ood_5d,True,5,256,4,6000,3170317,0.0003,token,1e-05,False,False,cuda:0,2000,0.0,0.21044,0.001,0.20418,0.121|0.154|0.100|0.100|0.106|1.000,4.418
addition,learned,0,ood_6d,True,6,256,4,6000,3170317,0.0003,token,1e-05,False,False,cuda:0,2000,0.0,0.20506,0.001,0.19165,0.121|0.126|0.129|0.170|0.103|0.107|1.000,5.245
addition,learned,0,ood_7d,True,7,256,4,6000,3170317,0.0003,token,1e-05,False,False,cuda:0,2000,0.0,0.20022,0.001,0.18183,0.107|0.116|0.117|0.123|0.144|0.206|0.100|1.000,6.088
addition,sinusoidal,0,id_1d,False,1,256,4,6000,3166221,0.0003,token,1e-05,False,False,cuda:0,41,1.0,1.0,0.121951,0.44615,1.000|1.000,0.0
addition,sinusoidal,0,id_2d,False,2,256,4,6000,3166221,0.0003,token,1e-05,False,False,cuda:0,2000,1.0,1.0,0.013,0.3148,1.000|1.000|1.000,0.0
addition,sinusoidal,0,id_3d,False,3,256,4,6000,3166221,0.0003,token,1e-05,False,False,cuda:0,2000,1.0,1.0,0.004,0.26297,1.000|1.000|1.000|1.000,0.0
addition,sinusoidal,0,id_4d,False,4,256,4,6000,3166221,0.0003,token,1e-05,False,False,cuda:0,2000,1.0,1.0,0.0015,0.22979,1.000|1.000|1.000|1.000|1.000,0.0
addition,sinusoidal,0,ood_5d,True,5,256,4,6000,3166221,0.0003,token,1e-05,False,False,cuda:0,2000,0.0025,0.48727,0.001,0.20418,0.566|0.115|0.117|0.647|0.687|1.000,2.876
addition,sinusoidal,0,ood_6d,True,6,256,4,6000,3166221,0.0003,token,1e-05,False,False,cuda:0,2000,0.0,0.19983,0.001,0.19165,0.151|0.158|0.107|0.093|0.109|0.102|1.000,5.279
addition,sinusoidal,0,ood_7d,True,7,256,4,6000,3166221,0.0003,token,1e-05,False,False,cuda:0,2000,0.0,0.18932,0.001,0.18183,0.168|0.117|0.140|0.098|0.105|0.102|0.100|1.000,6.17
addition,rope,0,id_1d,False,1,256,4,6000,3166221,0.0003,token,1e-05,False,False,cuda:0,41,1.0,1.0,0.121951,0.44615,1.000|1.000,0.0
addition,rope,0,id_2d,False,2,256,4,6000,3166221,0.0003,token,1e-05,False,False,cuda:0,2000,1.0,1.0,0.013,0.3148,1.000|1.000|1.000,0.0
addition,rope,0,id_3d,False,3,256,4,6000,3166221,0.0003,token,1e-05,False,False,cuda:0,2000,1.0,1.0,0.004,0.26297,1.000|1.000|1.000|1.000,0.0
addition,rope,0,id_4d,False,4,256,4,6000,3166221,0.0003,token,1e-05,False,False,cuda:0,2000,0.999,0.99978,0.0015,0.22979,1.000|1.000|1.000|0.999|1.000,1.0
addition,rope,0,ood_5d,True,5,256,4,6000,3166221,0.0003,token,1e-05,False,False,cuda:0,2000,0.0,0.361,0.001,0.20418,0.981|0.110|0.123|0.105|0.105|1.000,3.575
addition,rope,0,ood_6d,True,6,256,4,6000,3166221,0.0003,token,1e-05,False,False,cuda:0,2000,0.0,0.1799,0.001,0.19165,0.090|0.088|0.090|0.109|0.106|0.105|1.000,5.411
addition,rope,0,ood_7d,True,7,256,4,6000,3166221,0.0003,token,1e-05,False,False,cuda:0,2000,0.0,0.17336,0.001,0.18183,0.102|0.099|0.111|0.087|0.096|0.107|0.107|1.000,6.292
addition,abacus,0,id_1d,False,1,256,4,6000,3172621,0.0003,token,1e-05,False,False,cuda:0,41,1.0,1.0,0.121951,0.44615,1.000|1.000,0.0
addition,abacus,0,id_2d,False,2,256,4,6000,3172621,0.0003,token,1e-05,False,False,cuda:0,2000,1.0,1.0,0.013,0.3148,1.000|1.000|1.000,0.0
addition,abacus,0,id_3d,False,3,256,4,6000,3172621,0.0003,token,1e-05,False,False,cuda:0,2000,1.0,1.0,0.004,0.26297,1.000|1.000|1.000|1.000,0.0
addition,abacus,0,id_4d,False,4,256,4,6000,3172621,0.0003,token,1e-05,False,False,cuda:0,2000,1.0,1.0,0.0015,0.22979,1.000|1.000|1.000|1.000|1.000,0.0
addition,abacus,0,ood_5d,True,5,256,4,6000,3172621,0.0003,token,1e-05,False,False,cuda:0,2000,0.8185,0.96095,0.001,0.20418,0.823|0.962|0.998|1.000|1.000|1.000,1.204
addition,abacus,0,ood_6d,True,6,256,4,6000,3172621,0.0003,token,1e-05,False,False,cuda:0,2000,0.8015,0.96378,0.001,0.19165,0.849|0.945|0.993|0.999|0.996|0.981|1.000,1.204
addition,abacus,0,ood_7d,True,7,256,4,6000,3172621,0.0003,token,1e-05,False,False,cuda:0,2000,0.7625,0.96302,0.001,0.18183,0.820|0.943|0.984|0.999|0.995|0.990|0.990|1.000,1.185
addition,abacus_rope,0,id_1d,False,1,256,4,6000,3172621,0.0003,token,1e-05,False,False,cuda:0,41,1.0,1.0,0.121951,0.44615,1.000|1.000,0.0
addition,abacus_rope,0,id_2d,False,2,256,4,6000,3172621,0.0003,token,1e-05,False,False,cuda:0,2000,1.0,1.0,0.013,0.3148,1.000|1.000|1.000,0.0
addition,abacus_rope,0,id_3d,False,3,256,4,6000,3172621,0.0003,token,1e-05,False,False,cuda:0,2000,1.0,1.0,0.004,0.26297,1.000|1.000|1.000|1.000,0.0
addition,abacus_rope,0,id_4d,False,4,256,4,6000,3172621,0.0003,token,1e-05,False,False,cuda:0,2000,1.0,1.0,0.0015,0.22979,1.000|1.000|1.000|1.000|1.000,0.0
addition,abacus_rope,0,ood_5d,True,5,256,4,6000,3172621,0.0003,token,1e-05,False,False,cuda:0,2000,0.9675,0.99419,0.001,0.20418,0.973|0.996|1.000|1.000|0.999|1.000,1.0
addition,abacus_rope,0,ood_6d,True,6,256,4,6000,3172621,0.0003,token,1e-05,False,False,cuda:0,2000,0.338,0.85094,0.001,0.19165,0.728|0.603|0.900|0.961|0.944|0.881|1.000,1.486
addition,abacus_rope,0,ood_7d,True,7,256,4,6000,3172621,0.0003,token,1e-05,False,False,cuda:0,2000,0.0225,0.61906,0.001,0.18183,0.503|0.434|0.538|0.780|0.674|0.544|0.625|1.000,2.966
addition,abacus_learned,0,id_1d,False,1,256,4,6000,3176717,0.0003,token,1e-05,False,False,cuda:0,41,1.0,1.0,0.121951,0.44615,1.000|1.000,0.0
addition,abacus_learned,0,id_2d,False,2,256,4,6000,3176717,0.0003,token,1e-05,False,False,cuda:0,2000,1.0,1.0,0.013,0.3148,1.000|1.000|1.000,0.0
addition,abacus_learned,0,id_3d,False,3,256,4,6000,3176717,0.0003,token,1e-05,False,False,cuda:0,2000,1.0,1.0,0.004,0.26297,1.000|1.000|1.000|1.000,0.0
addition,abacus_learned,0,id_4d,False,4,256,4,6000,3176717,0.0003,token,1e-05,False,False,cuda:0,2000,1.0,1.0,0.0015,0.22979,1.000|1.000|1.000|1.000|1.000,0.0
addition,abacus_learned,0,ood_5d,True,5,256,4,6000,3176717,0.0003,token,1e-05,False,False,cuda:0,2000,0.023,0.52935,0.001,0.20418,0.328|0.468|0.345|0.738|0.487|1.000,2.695
addition,abacus_learned,0,ood_6d,True,6,256,4,6000,3176717,0.0003,token,1e-05,False,False,cuda:0,2000,0.0015,0.39489,0.001,0.19165,0.199|0.207|0.353|0.600|0.259|0.390|1.000,3.998
addition,abacus_learned,0,ood_7d,True,7,256,4,6000,3176717,0.0003,token,1e-05,False,False,cuda:0,2000,0.0,0.45011,0.001,0.18183,0.292|0.219|0.345|0.436|0.527|0.699|0.296|1.000,4.186
