variant,positional,seed,cohort,digit_length,ood,n_layers,n_loops_trained,pass_count,d_model,steps,params,n_eval,exact_acc,digit_acc,chance_exact,chance_digit,per_place_acc,mean_wrong_digits
carryless,rope,0,train_seen,-1,False,2,4,2,256,8000,1586701,2000,0.437,0.892,0.001,0.21624,1.000|0.999|0.965|0.812|0.601|0.822|0.872|0.999|0.998,1.642
carryless,rope,0,train_seen,-1,False,2,4,4,256,8000,1586701,2000,1.0,1.0,0.001,0.21624,1.000|1.000|1.000|1.000|1.000|1.000|1.000|1.000|1.000,0.0
carryless,rope,0,train_seen,-1,False,2,4,8,256,8000,1586701,2000,1.0,1.0,0.001,0.21624,1.000|1.000|1.000|1.000|1.000|1.000|1.000|1.000|1.000,0.0
carryless,rope,0,train_seen,-1,False,2,4,16,256,8000,1586701,2000,0.987,0.99848,0.001,0.21624,1.000|1.000|0.995|1.000|0.994|1.000|0.998|1.000|1.000,1.0
carryless,rope,0,train_seen,-1,False,2,4,32,256,8000,1586701,2000,0.8585,0.98143,0.001,0.21624,1.000|1.000|0.946|1.000|0.940|1.000|0.955|1.000|1.000,1.124
carryless,rope,0,id_1d,1,False,2,4,2,256,8000,1586701,5,1.0,1.0,0.4,0.4,1.000,0.0
carryless,rope,0,id_1d,1,False,2,4,4,256,8000,1586701,5,1.0,1.0,0.4,0.4,1.000,0.0
carryless,rope,0,id_1d,1,False,2,4,8,256,8000,1586701,5,1.0,1.0,0.4,0.4,1.000,0.0
carryless,rope,0,id_1d,1,False,2,4,16,256,8000,1586701,5,1.0,1.0,0.4,0.4,1.000,0.0
carryless,rope,0,id_1d,1,False,2,4,32,256,8000,1586701,5,1.0,1.0,0.4,0.4,1.000,0.0
carryless,rope,0,id_2d,2,False,2,4,2,256,8000,1586701,45,0.8,0.92593,0.044444,0.28148,0.844|0.956|0.978,1.111
carryless,rope,0,id_2d,2,False,2,4,4,256,8000,1586701,45,1.0,1.0,0.044444,0.28148,1.000|1.000|1.000,0.0
carryless,rope,0,id_2d,2,False,2,4,8,256,8000,1586701,45,1.0,1.0,0.044444,0.28148,1.000|1.000|1.000,0.0
carryless,rope,0,id_2d,2,False,2,4,16,256,8000,1586701,45,1.0,1.0,0.044444,0.28148,1.000|1.000|1.000,0.0
carryless,rope,0,id_2d,2,False,2,4,32,256,8000,1586701,45,1.0,1.0,0.044444,0.28148,1.000|1.000|1.000,0.0
carryless,rope,0,id_3d,3,False,2,4,2,256,8000,1586701,450,0.76222,0.94667,0.004444,0.24533,0.993|0.973|0.780|1.000|0.987,1.121
carryless,rope,0,id_3d,3,False,2,4,4,256,8000,1586701,450,0.99778,0.99956,0.004444,0.24533,1.000|1.000|0.998|1.000|1.000,1.0
carryless,rope,0,id_3d,3,False,2,4,8,256,8000,1586701,450,0.99778,0.99956,0.004444,0.24533,1.000|1.000|0.998|1.000|1.000,1.0
carryless,rope,0,id_3d,3,False,2,4,16,256,8000,1586701,450,0.97556,0.99511,0.004444,0.24533,1.000|1.000|0.976|1.000|1.000,1.0
carryless,rope,0,id_3d,3,False,2,4,32,256,8000,1586701,450,0.9,0.98,0.004444,0.24533,1.000|1.000|0.900|1.000|1.000,1.0
carryless,rope,0,id_4d,4,False,2,4,2,256,8000,1586701,2000,0.538,0.91036,0.001,0.224,1.000|1.000|0.906|0.742|0.760|0.998|0.967,1.358
carryless,rope,0,id_4d,4,False,2,4,4,256,8000,1586701,2000,1.0,1.0,0.001,0.224,1.000|1.000|1.000|1.000|1.000|1.000|1.000,0.0
carryless,rope,0,id_4d,4,False,2,4,8,256,8000,1586701,2000,1.0,1.0,0.001,0.224,1.000|1.000|1.000|1.000|1.000|1.000|1.000,0.0
carryless,rope,0,id_4d,4,False,2,4,16,256,8000,1586701,2000,0.981,0.99729,0.001,0.224,1.000|1.000|0.982|1.000|1.000|1.000|1.000,1.0
carryless,rope,0,id_4d,4,False,2,4,32,256,8000,1586701,2000,0.8735,0.98107,0.001,0.224,1.000|1.000|0.920|1.000|0.948|1.000|1.000,1.047
carryless,rope,0,id_5d,5,False,2,4,2,256,8000,1586701,2000,0.3955,0.88661,0.001,0.21133,1.000|1.000|0.987|0.823|0.556|0.781|0.837|1.000|0.995,1.688
carryless,rope,0,id_5d,5,False,2,4,4,256,8000,1586701,2000,1.0,1.0,0.001,0.21133,1.000|1.000|1.000|1.000|1.000|1.000|1.000|1.000|1.000,0.0
carryless,rope,0,id_5d,5,False,2,4,8,256,8000,1586701,2000,1.0,1.0,0.001,0.21133,1.000|1.000|1.000|1.000|1.000|1.000|1.000|1.000|1.000,0.0
carryless,rope,0,id_5d,5,False,2,4,16,256,8000,1586701,2000,0.988,0.99867,0.001,0.21133,1.000|1.000|0.998|1.000|0.991|1.000|1.000|1.000|1.000,1.0
carryless,rope,0,id_5d,5,False,2,4,32,256,8000,1586701,2000,0.839,0.98022,0.001,0.21133,1.000|1.000|0.940|1.000|0.933|1.000|0.949|1.000|1.000,1.106
carryless,rope,0,ood_6d,6,True,2,4,2,256,8000,1586701,2000,0.0,0.36236,0.001,0.2,0.490|0.075|0.191|0.412|0.215|0.269|0.102|0.109|0.254|0.903|0.967,7.014
carryless,rope,0,ood_6d,6,True,2,4,4,256,8000,1586701,2000,0.0,0.38118,0.001,0.2,0.461|0.070|0.191|0.408|0.272|0.307|0.115|0.147|0.285|0.940|0.997,6.807
carryless,rope,0,ood_6d,6,True,2,4,8,256,8000,1586701,2000,0.0,0.37755,0.001,0.2,0.428|0.061|0.191|0.402|0.278|0.306|0.115|0.147|0.284|0.942|0.999,6.847
carryless,rope,0,ood_6d,6,True,2,4,16,256,8000,1586701,2000,0.0,0.37409,0.001,0.2,0.382|0.062|0.191|0.407|0.276|0.308|0.113|0.149|0.283|0.945|0.999,6.885
carryless,rope,0,ood_6d,6,True,2,4,32,256,8000,1586701,2000,0.0,0.36982,0.001,0.2,0.348|0.058|0.190|0.406|0.270|0.308|0.112|0.151|0.281|0.946|0.999,6.932
carryless,rope,0,ood_7d,7,True,2,4,2,256,8000,1586701,2000,0.0,0.25662,0.001,0.19642,0.302|0.083|0.127|0.063|0.133|0.247|0.159|0.208|0.217|0.285|0.192|0.555|0.766,9.664
carryless,rope,0,ood_7d,7,True,2,4,4,256,8000,1586701,2000,0.0,0.27008,0.001,0.19642,0.223|0.101|0.118|0.064|0.126|0.244|0.177|0.203|0.220|0.302|0.231|0.609|0.893,9.489
carryless,rope,0,ood_7d,7,True,2,4,8,256,8000,1586701,2000,0.0,0.26946,0.001,0.19642,0.224|0.098|0.119|0.055|0.126|0.244|0.174|0.208|0.209|0.306|0.230|0.612|0.898,9.497
carryless,rope,0,ood_7d,7,True,2,4,16,256,8000,1586701,2000,0.0,0.26804,0.001,0.19642,0.225|0.098|0.121|0.052|0.126|0.246|0.171|0.205|0.206|0.307|0.227|0.609|0.892,9.515
carryless,rope,0,ood_7d,7,True,2,4,32,256,8000,1586701,2000,0.0,0.26731,0.001,0.19642,0.223|0.098|0.125|0.051|0.124|0.245|0.168|0.203|0.204|0.305|0.225|0.606|0.897,9.525
carryless,rope,0,ood_8d,8,True,2,4,2,256,8000,1586701,2000,0.0,0.22443,0.0005,0.19153,0.299|0.136|0.114|0.152|0.111|0.008|0.118|0.205|0.101|0.186|0.107|0.239|0.347|0.481|0.760,11.633
carryless,rope,0,ood_8d,8,True,2,4,4,256,8000,1586701,2000,0.0,0.2369,0.0005,0.19153,0.239|0.153|0.120|0.154|0.114|0.007|0.116|0.191|0.101|0.191|0.112|0.249|0.385|0.535|0.887,11.447
carryless,rope,0,ood_8d,8,True,2,4,8,256,8000,1586701,2000,0.0,0.23503,0.0005,0.19153,0.234|0.148|0.120|0.147|0.116|0.005|0.111|0.192|0.103|0.189|0.106|0.252|0.377|0.534|0.890,11.475
carryless,rope,0,ood_8d,8,True,2,4,16,256,8000,1586701,2000,0.0,0.2346,0.0005,0.19153,0.243|0.148|0.117|0.140|0.114|0.004|0.109|0.196|0.104|0.190|0.107|0.253|0.373|0.531|0.890,11.481
carryless,rope,0,ood_8d,8,True,2,4,32,256,8000,1586701,2000,0.0,0.23317,0.0005,0.19153,0.247|0.148|0.116|0.138|0.112|0.005|0.109|0.195|0.104|0.187|0.106|0.256|0.362|0.526|0.885,11.502
full,rope,0,train_seen,-1,False,2,4,2,256,8000,1586701,2000,0.0045,0.54458,0.0005,0.14399,1.000|0.963|0.612|0.234|0.172|0.176|0.263|0.424|0.817|0.991,4.264
full,rope,0,train_seen,-1,False,2,4,4,256,8000,1586701,2000,0.943,0.99351,0.0005,0.14399,1.000|1.000|0.999|0.998|0.985|0.977|0.986|0.996|0.998|1.000,1.061
full,rope,0,train_seen,-1,False,2,4,8,256,8000,1586701,2000,0.169,0.82312,0.0005,0.14399,1.000|0.999|0.980|0.832|0.525|0.439|0.699|0.899|0.958|0.992,1.984
full,rope,0,train_seen,-1,False,2,4,16,256,8000,1586701,2000,0.036,0.68771,0.0005,0.14399,0.990|0.896|0.850|0.622|0.360|0.310|0.523|0.708|0.792|0.936,3.019
full,rope,0,train_seen,-1,False,2,4,32,256,8000,1586701,2000,0.0035,0.52495,0.0005,0.14399,0.897|0.634|0.641|0.440|0.265|0.232|0.362|0.495|0.596|0.796,4.443
full,rope,0,id_1d,1,False,2,4,2,256,8000,1586701,5,0.8,0.875,0.2,0.375,1.000|0.667,1.0
full,rope,0,id_1d,1,False,2,4,4,256,8000,1586701,5,1.0,1.0,0.2,0.375,1.000|1.000,0.0
full,rope,0,id_1d,1,False,2,4,8,256,8000,1586701,5,1.0,1.0,0.2,0.375,1.000|1.000,0.0
full,rope,0,id_1d,1,False,2,4,16,256,8000,1586701,5,0.8,0.875,0.2,0.375,1.000|0.667,1.0
full,rope,0,id_1d,1,False,2,4,32,256,8000,1586701,5,0.4,0.5,0.2,0.375,0.600|0.333,1.333
full,rope,0,id_2d,2,False,2,4,2,256,8000,1586701,45,0.24444,0.73684,0.022222,0.20468,0.978|0.600|0.489|0.917,1.324
full,rope,0,id_2d,2,False,2,4,4,256,8000,1586701,45,0.71111,0.91228,0.022222,0.20468,0.956|0.889|0.844|0.972,1.154
full,rope,0,id_2d,2,False,2,4,8,256,8000,1586701,45,0.35556,0.78947,0.022222,0.20468,0.933|0.844|0.556|0.833,1.241
full,rope,0,id_2d,2,False,2,4,16,256,8000,1586701,45,0.11111,0.61988,0.022222,0.20468,0.822|0.533|0.467|0.667,1.625
full,rope,0,id_2d,2,False,2,4,32,256,8000,1586701,45,0.02222,0.45029,0.022222,0.20468,0.511|0.378|0.356|0.583,2.136
full,rope,0,id_3d,3,False,2,4,2,256,8000,1586701,450,0.08,0.6957,0.002222,0.17073,0.998|0.933|0.451|0.202|0.687|0.976,1.899
full,rope,0,id_3d,3,False,2,4,4,256,8000,1586701,450,0.66,0.92838,0.002222,0.17073,0.998|0.996|0.853|0.842|0.904|0.994,1.209
full,rope,0,id_3d,3,False,2,4,8,256,8000,1586701,450,0.45111,0.87611,0.002222,0.17073,0.996|0.991|0.789|0.700|0.833|0.973,1.296
full,rope,0,id_3d,3,False,2,4,16,256,8000,1586701,450,0.19556,0.76074,0.002222,0.17073,0.982|0.913|0.644|0.527|0.651|0.877,1.707
full,rope,0,id_3d,3,False,2,4,32,256,8000,1586701,450,0.02,0.56175,0.002222,0.17073,0.853|0.640|0.438|0.347|0.453|0.667,2.567
full,rope,0,id_4d,4,False,2,4,2,256,8000,1586701,2000,0.0035,0.61022,0.0005,0.15096,1.000|0.962|0.605|0.206|0.109|0.308|0.801|0.980,3.034
full,rope,0,id_4d,4,False,2,4,4,256,8000,1586701,2000,0.444,0.9086,0.0005,0.15096,1.000|1.000|0.998|0.862|0.567|0.884|0.983|0.997,1.275
full,rope,0,id_4d,4,False,2,4,8,256,8000,1586701,2000,0.2035,0.83383,0.0005,0.15096,0.999|0.997|0.969|0.646|0.417|0.770|0.928|0.980,1.618
full,rope,0,id_4d,4,False,2,4,16,256,8000,1586701,2000,0.055,0.72238,0.0005,0.15096,0.982|0.906|0.841|0.493|0.312|0.607|0.781|0.900,2.279
full,rope,0,id_4d,4,False,2,4,32,256,8000,1586701,2000,0.0065,0.54892,0.0005,0.15096,0.875|0.644|0.609|0.348|0.225|0.422|0.581|0.732,3.522
full,rope,0,id_5d,5,False,2,4,2,256,8000,1586701,2000,0.0,0.51419,0.0005,0.14501,1.000|0.972|0.615|0.201|0.117|0.102|0.117|0.326|0.819|0.988,4.74
full,rope,0,id_5d,5,False,2,4,4,256,8000,1586701,2000,0.035,0.77685,0.0005,0.14501,1.000|1.000|0.999|0.925|0.310|0.139|0.527|0.932|0.991|0.999,2.256
full,rope,0,id_5d,5,False,2,4,8,256,8000,1586701,2000,0.017,0.71234,0.0005,0.14501,1.000|0.995|0.975|0.727|0.227|0.133|0.383|0.811|0.951|0.991,2.856
full,rope,0,id_5d,5,False,2,4,16,256,8000,1586701,2000,0.0015,0.60965,0.0005,0.14501,0.991|0.876|0.837|0.548|0.188|0.122|0.291|0.618|0.777|0.925,3.815
full,rope,0,id_5d,5,False,2,4,32,256,8000,1586701,2000,0.0,0.46977,0.0005,0.14501,0.893|0.634|0.614|0.409|0.152|0.126|0.199|0.420|0.557|0.764,5.174
full,rope,0,ood_6d,6,True,2,4,2,256,8000,1586701,2000,0.0,0.33275,0.001,0.13803,0.950|0.264|0.293|0.168|0.108|0.120|0.111|0.102|0.110|0.290|0.693|0.923,7.851
full,rope,0,ood_6d,6,True,2,4,4,256,8000,1586701,2000,0.0,0.41622,0.001,0.13803,0.930|0.306|0.342|0.202|0.146|0.124|0.108|0.114|0.349|0.690|0.856|0.953,6.869
full,rope,0,ood_6d,6,True,2,4,8,256,8000,1586701,2000,0.0,0.38409,0.001,0.13803,0.903|0.326|0.336|0.188|0.133|0.118|0.108|0.118|0.271|0.570|0.759|0.899,7.247
full,rope,0,ood_6d,6,True,2,4,16,256,8000,1586701,2000,0.0,0.32986,0.001,0.13803,0.875|0.306|0.281|0.154|0.104|0.110|0.102|0.113|0.223|0.414|0.580|0.809,7.885
full,rope,0,ood_6d,6,True,2,4,32,256,8000,1586701,2000,0.0,0.27122,0.001,0.13803,0.786|0.250|0.215|0.131|0.110|0.104|0.102|0.104|0.170|0.295|0.410|0.670,8.575
full,rope,0,ood_7d,7,True,2,4,2,256,8000,1586701,2000,0.0,0.21035,0.0005,0.13716,0.678|0.160|0.141|0.112|0.101|0.109|0.090|0.093|0.104|0.104|0.114|0.199|0.387|0.671,10.852
full,rope,0,ood_7d,7,True,2,4,4,256,8000,1586701,2000,0.0,0.22887,0.0005,0.13716,0.553|0.188|0.151|0.113|0.108|0.117|0.108|0.095|0.106|0.110|0.170|0.314|0.488|0.704,10.598
full,rope,0,ood_7d,7,True,2,4,8,256,8000,1586701,2000,0.0,0.21039,0.0005,0.13716,0.488|0.188|0.150|0.110|0.112|0.108|0.110|0.102|0.102|0.112|0.157|0.261|0.426|0.628,10.852
full,rope,0,ood_7d,7,True,2,4,16,256,8000,1586701,2000,0.0,0.18652,0.0005,0.13716,0.451|0.173|0.145|0.106|0.096|0.107|0.110|0.105|0.103|0.115|0.133|0.203|0.331|0.521,11.18
full,rope,0,ood_7d,7,True,2,4,32,256,8000,1586701,2000,0.0,0.16262,0.0005,0.13716,0.394|0.164|0.134|0.108|0.101|0.090|0.108|0.102|0.101|0.100|0.121|0.151|0.252|0.416,11.508
full,rope,0,ood_8d,8,True,2,4,2,256,8000,1586701,2000,0.0,0.15219,0.0005,0.13407,0.234|0.163|0.130|0.100|0.099|0.104|0.104|0.108|0.095|0.100|0.102|0.105|0.106|0.139|0.290|0.556,13.355
full,rope,0,ood_8d,8,True,2,4,4,256,8000,1586701,2000,0.0,0.15381,0.0005,0.13407,0.134|0.179|0.131|0.096|0.103|0.102|0.101|0.098|0.102|0.089|0.102|0.105|0.131|0.191|0.328|0.575,13.33
full,rope,0,ood_8d,8,True,2,4,8,256,8000,1586701,2000,0.0,0.14524,0.0005,0.13407,0.117|0.163|0.130|0.099|0.102|0.097|0.108|0.113|0.103|0.091|0.105|0.100|0.127|0.168|0.290|0.498,13.465
full,rope,0,ood_8d,8,True,2,4,16,256,8000,1586701,2000,0.0,0.13232,0.0005,0.13407,0.117|0.136|0.118|0.100|0.096|0.103|0.104|0.107|0.102|0.099|0.106|0.107|0.116|0.135|0.229|0.412,13.668
full,rope,0,ood_8d,8,True,2,4,32,256,8000,1586701,2000,0.0,0.12163,0.0005,0.13407,0.114|0.122|0.111|0.105|0.091|0.102|0.099|0.105|0.104|0.088|0.102|0.110|0.102|0.119|0.194|0.328,13.837
carry_only,rope,0,train_seen,-1,False,2,4,2,256,8000,1586188,2000,0.012,0.57371,0.0005,0.14399,1.000|1.000|0.993|0.796|0.441|0.368|0.256|0.151|0.157|0.383,4.021
carry_only,rope,0,train_seen,-1,False,2,4,4,256,8000,1586188,2000,1.0,1.0,0.0005,0.14399,1.000|1.000|1.000|1.000|1.000|1.000|1.000|1.000|1.000|1.000,0.0
carry_only,rope,0,train_seen,-1,False,2,4,8,256,8000,1586188,2000,1.0,1.0,0.0005,0.14399,1.000|1.000|1.000|1.000|1.000|1.000|1.000|1.000|1.000|1.000,0.0
carry_only,rope,0,train_seen,-1,False,2,4,16,256,8000,1586188,2000,1.0,1.0,0.0005,0.14399,1.000|1.000|1.000|1.000|1.000|1.000|1.000|1.000|1.000|1.000,0.0
carry_only,rope,0,train_seen,-1,False,2,4,32,256,8000,1586188,2000,1.0,1.0,0.0005,0.14399,1.000|1.000|1.000|1.000|1.000|1.000|1.000|1.000|1.000|1.000,0.0
carry_only,rope,0,id_1d,1,False,2,4,2,256,8000,1586188,5,1.0,1.0,0.2,0.375,1.000|1.000,0.0
carry_only,rope,0,id_1d,1,False,2,4,4,256,8000,1586188,5,1.0,1.0,0.2,0.375,1.000|1.000,0.0
carry_only,rope,0,id_1d,1,False,2,4,8,256,8000,1586188,5,1.0,1.0,0.2,0.375,1.000|1.000,0.0
carry_only,rope,0,id_1d,1,False,2,4,16,256,8000,1586188,5,1.0,1.0,0.2,0.375,1.000|1.000,0.0
carry_only,rope,0,id_1d,1,False,2,4,32,256,8000,1586188,5,1.0,1.0,0.2,0.375,1.000|1.000,0.0
carry_only,rope,0,id_2d,2,False,2,4,2,256,8000,1586188,45,0.75556,0.93567,0.022222,0.20468,1.000|1.000|0.956|0.750,1.0
carry_only,rope,0,id_2d,2,False,2,4,4,256,8000,1586188,45,1.0,1.0,0.022222,0.20468,1.000|1.000|1.000|1.000,0.0
carry_only,rope,0,id_2d,2,False,2,4,8,256,8000,1586188,45,1.0,1.0,0.022222,0.20468,1.000|1.000|1.000|1.000,0.0
carry_only,rope,0,id_2d,2,False,2,4,16,256,8000,1586188,45,1.0,1.0,0.022222,0.20468,1.000|1.000|1.000|1.000,0.0
carry_only,rope,0,id_2d,2,False,2,4,32,256,8000,1586188,45,0.97778,0.99415,0.022222,0.20468,1.000|1.000|1.000|0.972,1.0
carry_only,rope,0,id_3d,3,False,2,4,2,256,8000,1586188,450,0.14889,0.73906,0.002222,0.17073,1.000|1.000|0.993|0.727|0.364|0.213,1.76
carry_only,rope,0,id_3d,3,False,2,4,4,256,8000,1586188,450,1.0,1.0,0.002222,0.17073,1.000|1.000|1.000|1.000|1.000|1.000,0.0
carry_only,rope,0,id_3d,3,False,2,4,8,256,8000,1586188,450,1.0,1.0,0.002222,0.17073,1.000|1.000|1.000|1.000|1.000|1.000,0.0
carry_only,rope,0,id_3d,3,False,2,4,16,256,8000,1586188,450,1.0,1.0,0.002222,0.17073,1.000|1.000|1.000|1.000|1.000|1.000,0.0
carry_only,rope,0,id_3d,3,False,2,4,32,256,8000,1586188,450,1.0,1.0,0.002222,0.17073,1.000|1.000|1.000|1.000|1.000|1.000,0.0
carry_only,rope,0,id_4d,4,False,2,4,2,256,8000,1586188,2000,0.021,0.65296,0.0005,0.15096,1.000|1.000|0.989|0.774|0.407|0.331|0.404|0.213,2.75
carry_only,rope,0,id_4d,4,False,2,4,4,256,8000,1586188,2000,1.0,1.0,0.0005,0.15096,1.000|1.000|1.000|1.000|1.000|1.000|1.000|1.000,0.0
carry_only,rope,0,id_4d,4,False,2,4,8,256,8000,1586188,2000,1.0,1.0,0.0005,0.15096,1.000|1.000|1.000|1.000|1.000|1.000|1.000|1.000,0.0
carry_only,rope,0,id_4d,4,False,2,4,16,256,8000,1586188,2000,1.0,1.0,0.0005,0.15096,1.000|1.000|1.000|1.000|1.000|1.000|1.000|1.000,0.0
carry_only,rope,0,id_4d,4,False,2,4,32,256,8000,1586188,2000,1.0,1.0,0.0005,0.15096,1.000|1.000|1.000|1.000|1.000|1.000|1.000|1.000,0.0
carry_only,rope,0,id_5d,5,False,2,4,2,256,8000,1586188,2000,0.0,0.55447,0.0005,0.14501,1.000|1.000|0.992|0.800|0.423|0.364|0.254|0.149|0.150|0.367,4.348
carry_only,rope,0,id_5d,5,False,2,4,4,256,8000,1586188,2000,0.9955,0.99954,0.0005,0.14501,1.000|1.000|1.000|1.000|1.000|1.000|0.997|0.999|1.000|1.000,1.0
carry_only,rope,0,id_5d,5,False,2,4,8,256,8000,1586188,2000,0.9965,0.99959,0.0005,0.14501,1.000|1.000|1.000|1.000|1.000|1.000|0.998|0.999|1.000|1.000,1.143
carry_only,rope,0,id_5d,5,False,2,4,16,256,8000,1586188,2000,0.9945,0.99939,0.0005,0.14501,1.000|1.000|1.000|1.000|1.000|0.999|0.997|0.999|1.000|1.000,1.091
carry_only,rope,0,id_5d,5,False,2,4,32,256,8000,1586188,2000,0.994,0.99933,0.0005,0.14501,1.000|1.000|1.000|1.000|1.000|0.999|0.996|0.999|1.000|1.000,1.083
carry_only,rope,0,ood_6d,6,True,2,4,2,256,8000,1586188,2000,0.0,0.28945,0.001,0.13803,0.975|0.702|0.624|0.208|0.177|0.133|0.118|0.091|0.111|0.113|0.092|0.082,8.36
carry_only,rope,0,ood_6d,6,True,2,4,4,256,8000,1586188,2000,0.0,0.44771,0.001,0.13803,0.930|0.575|0.651|0.336|0.484|0.214|0.266|0.593|0.868|0.174|0.103|0.096,6.498
carry_only,rope,0,ood_6d,6,True,2,4,8,256,8000,1586188,2000,0.0,0.42365,0.001,0.13803,0.910|0.530|0.626|0.320|0.454|0.200|0.238|0.562|0.855|0.145|0.086|0.078,6.781
carry_only,rope,0,ood_6d,6,True,2,4,16,256,8000,1586188,2000,0.0,0.40882,0.001,0.13803,0.892|0.500|0.603|0.312|0.427|0.193|0.223|0.548|0.844|0.131|0.080|0.074,6.955
carry_only,rope,0,ood_6d,6,True,2,4,32,256,8000,1586188,2000,0.0,0.40088,0.001,0.13803,0.884|0.494|0.589|0.291|0.409|0.189|0.216|0.539|0.838|0.129|0.082|0.074,7.049
carry_only,rope,0,ood_7d,7,True,2,4,2,256,8000,1586188,2000,0.0,0.22334,0.0005,0.13716,0.805|0.500|0.496|0.154|0.139|0.140|0.122|0.103|0.122|0.108|0.100|0.105|0.096|0.107,10.674
carry_only,rope,0,ood_7d,7,True,2,4,4,256,8000,1586188,2000,0.0,0.3772,0.0005,0.13716,0.736|0.486|0.599|0.322|0.441|0.218|0.354|0.617|0.835|0.185|0.091|0.107|0.108|0.112,8.559
carry_only,rope,0,ood_7d,7,True,2,4,8,256,8000,1586188,2000,0.0,0.33827,0.0005,0.13716,0.679|0.459|0.582|0.278|0.391|0.198|0.289|0.518|0.776|0.139|0.075|0.097|0.089|0.107,9.095
carry_only,rope,0,ood_7d,7,True,2,4,16,256,8000,1586188,2000,0.0,0.31921,0.0005,0.13716,0.654|0.436|0.553|0.263|0.370|0.186|0.272|0.471|0.727|0.118|0.079|0.098|0.091|0.091,9.357
carry_only,rope,0,ood_7d,7,True,2,4,32,256,8000,1586188,2000,0.0,0.30891,0.0005,0.13716,0.637|0.419|0.535|0.257|0.355|0.186|0.259|0.453|0.701|0.115|0.080|0.093|0.090|0.089,9.498
carry_only,rope,0,ood_8d,8,True,2,4,2,256,8000,1586188,2000,0.0,0.18927,0.0005,0.13407,0.790|0.384|0.361|0.143|0.125|0.118|0.102|0.110|0.120|0.115|0.101|0.102|0.102|0.110|0.109|0.118,12.771
carry_only,rope,0,ood_8d,8,True,2,4,4,256,8000,1586188,2000,0.0,0.26414,0.0005,0.13407,0.727|0.292|0.350|0.230|0.262|0.216|0.220|0.377|0.742|0.165|0.093|0.104|0.097|0.112|0.102|0.097,11.592
carry_only,rope,0,ood_8d,8,True,2,4,8,256,8000,1586188,2000,0.0,0.23615,0.0005,0.13407,0.639|0.260|0.318|0.192|0.221|0.195|0.200|0.333|0.713|0.147|0.074|0.098|0.086|0.086|0.092|0.089,12.033
carry_only,rope,0,ood_8d,8,True,2,4,16,256,8000,1586188,2000,0.0,0.22221,0.0005,0.13407,0.581|0.229|0.298|0.184|0.208|0.181|0.190|0.309|0.683|0.131|0.074|0.097|0.090|0.084|0.092|0.092,12.252
carry_only,rope,0,ood_8d,8,True,2,4,32,256,8000,1586188,2000,0.0,0.21313,0.0005,0.13407,0.547|0.225|0.279|0.176|0.197|0.175|0.186|0.287|0.657|0.130|0.074|0.099|0.086|0.082|0.090|0.090,12.396
raw_sum,rope,0,train_seen,-1,False,2,4,2,256,8000,1586701,2000,0.001,0.69807,0.0005,0.41127,0.974|0.942|0.991|0.729|0.527|0.989|0.467|0.335|0.984|0.515|0.231|0.973|0.305|0.161|0.952|0.535|0.248|0.969|0.563|0.387|0.955|0.915|0.643|0.999|0.895|0.882|1.000,7.761
raw_sum,rope,0,train_seen,-1,False,2,4,4,256,8000,1586701,2000,1.0,1.0,0.0005,0.41127,1.000|1.000|1.000|1.000|1.000|1.000|1.000|1.000|1.000|1.000|1.000|1.000|1.000|1.000|1.000|1.000|1.000|1.000|1.000|1.000|1.000|1.000|1.000|1.000|1.000|1.000|1.000,0.0
raw_sum,rope,0,train_seen,-1,False,2,4,8,256,8000,1586701,2000,0.3425,0.95467,0.0005,0.41127,0.999|1.000|1.000|1.000|0.976|1.000|0.935|0.910|1.000|0.980|0.837|0.991|0.777|0.769|0.992|0.973|0.854|0.994|0.962|0.912|1.000|1.000|0.966|1.000|0.999|0.995|1.000,1.77
raw_sum,rope,0,train_seen,-1,False,2,4,16,256,8000,1586701,2000,0.047,0.85925,0.0005,0.41127,0.902|0.982|1.000|0.997|0.830|1.000|0.743|0.692|0.999|0.935|0.560|0.984|0.571|0.506|0.983|0.928|0.598|0.991|0.769|0.711|0.999|0.999|0.793|1.000|0.903|0.912|1.000,3.793
raw_sum,rope,0,train_seen,-1,False,2,4,32,256,8000,1586701,2000,0.0055,0.79371,0.0005,0.41127,0.749|0.915|1.000|0.976|0.750|0.998|0.593|0.591|0.999|0.849|0.456|0.980|0.438|0.420|0.979|0.832|0.508|0.986|0.616|0.623|0.999|0.978|0.712|1.000|0.700|0.881|1.000,5.327
raw_sum,rope,0,id_1d,1,False,2,4,2,256,8000,1586701,5,0.0,0.4,0.2,0.6,0.400|0.800|0.000,1.8
raw_sum,rope,0,id_1d,1,False,2,4,4,256,8000,1586701,5,0.0,0.53333,0.2,0.6,0.000|0.800|0.800,1.4
raw_sum,rope,0,id_1d,1,False,2,4,8,256,8000,1586701,5,0.2,0.66667,0.2,0.6,0.400|0.800|0.800,1.25
raw_sum,rope,0,id_1d,1,False,2,4,16,256,8000,1586701,5,0.2,0.53333,0.2,0.6,0.200|0.600|0.800,1.75
raw_sum,rope,0,id_1d,1,False,2,4,32,256,8000,1586701,5,0.0,0.4,0.2,0.6,0.200|0.400|0.600,1.8
raw_sum,rope,0,id_2d,2,False,2,4,2,256,8000,1586701,45,0.0,0.64938,0.022222,0.52099,0.556|0.600|0.844|0.667|0.467|1.000|0.533|0.378|0.800,3.156
raw_sum,rope,0,id_2d,2,False,2,4,4,256,8000,1586701,45,0.75556,0.97037,0.022222,0.52099,0.933|0.978|1.000|1.000|0.956|1.000|0.911|0.956|1.000,1.091
raw_sum,rope,0,id_2d,2,False,2,4,8,256,8000,1586701,45,0.31111,0.89877,0.022222,0.52099,0.911|0.889|1.000|1.000|0.667|1.000|0.933|0.689|1.000,1.323
raw_sum,rope,0,id_2d,2,False,2,4,16,256,8000,1586701,45,0.06667,0.80988,0.022222,0.52099,0.689|0.778|1.000|0.956|0.578|1.000|0.667|0.622|1.000,1.833
raw_sum,rope,0,id_2d,2,False,2,4,32,256,8000,1586701,45,0.0,0.74321,0.022222,0.52099,0.533|0.756|1.000|0.889|0.533|1.000|0.422|0.556|1.000,2.311
raw_sum,rope,0,id_3d,3,False,2,4,2,256,8000,1586701,450,0.01111,0.71319,0.002222,0.47911,0.891|0.818|0.967|0.738|0.471|0.933|0.264|0.193|0.947|0.700|0.456|0.982|0.747|0.600|0.991,4.351
raw_sum,rope,0,id_3d,3,False,2,4,4,256,8000,1586701,450,0.91778,0.99422,0.002222,0.47911,1.000|1.000|1.000|1.000|0.998|0.996|0.982|0.953|0.998|0.998|0.993|1.000|0.998|0.998|1.000,1.054
raw_sum,rope,0,id_3d,3,False,2,4,8,256,8000,1586701,450,0.46444,0.95156,0.002222,0.47911,1.000|0.996|1.000|0.998|0.931|0.991|0.782|0.691|0.996|0.996|0.918|0.998|0.991|0.987|1.000,1.357
raw_sum,rope,0,id_3d,3,False,2,4,16,256,8000,1586701,450,0.11556,0.87541,0.002222,0.47911,0.936|0.982|1.000|0.991|0.796|0.980|0.558|0.487|0.993|0.989|0.747|0.998|0.807|0.884|0.984,2.113
raw_sum,rope,0,id_3d,3,False,2,4,32,256,8000,1586701,450,0.03111,0.81022,0.002222,0.47911,0.802|0.831|1.000|0.936|0.722|0.976|0.449|0.440|0.991|0.931|0.653|0.998|0.640|0.813|0.971,2.938
raw_sum,rope,0,id_4d,4,False,2,4,2,256,8000,1586701,2000,0.0015,0.719,0.0005,0.43557,0.996|0.906|0.995|0.732|0.503|0.989|0.404|0.319|0.977|0.441|0.159|0.969|0.425|0.238|0.972|0.763|0.536|1.000|0.971|0.931|0.875,5.91
raw_sum,rope,0,id_4d,4,False,2,4,4,256,8000,1586701,2000,0.997,0.99983,0.0005,0.43557,1.000|1.000|1.000|1.000|1.000|1.000|1.000|1.000|1.000|1.000|0.998|1.000|1.000|1.000|1.000|1.000|1.000|1.000|1.000|1.000|1.000,1.167
raw_sum,rope,0,id_4d,4,False,2,4,8,256,8000,1586701,2000,0.488,0.96348,0.0005,0.43557,1.000|1.000|1.000|1.000|0.968|1.000|0.929|0.866|0.997|0.955|0.786|0.995|0.916|0.861|0.998|0.998|0.967|1.000|1.000|1.000|1.000,1.498
raw_sum,rope,0,id_4d,4,False,2,4,16,256,8000,1586701,2000,0.0955,0.87862,0.0005,0.43557,0.923|0.988|1.000|0.996|0.787|1.000|0.712|0.636|0.994|0.886|0.492|0.990|0.692|0.652|0.996|0.995|0.817|1.000|0.963|0.933|1.000,2.818
raw_sum,rope,0,id_4d,4,False,2,4,32,256,8000,1586701,2000,0.017,0.80662,0.0005,0.43557,0.768|0.901|1.000|0.965|0.714|1.000|0.578|0.530|0.991|0.768|0.391|0.986|0.544|0.539|0.995|0.936|0.732|0.999|0.780|0.824|1.000,4.131
raw_sum,rope,0,id_5d,5,False,2,4,2,256,8000,1586701,2000,0.0,0.68941,0.0005,0.40213,0.975|0.967|0.989|0.720|0.534|0.984|0.490|0.332|0.987|0.505|0.208|0.969|0.275|0.120|0.946|0.477|0.166|0.968|0.429|0.285|0.978|0.903|0.639|1.000|0.891|0.877|1.000,8.386
raw_sum,rope,0,id_5d,5,False,2,4,4,256,8000,1586701,2000,0.9885,0.99954,0.0005,0.40213,1.000|1.000|1.000|1.000|1.000|1.000|1.000|1.000|1.000|1.000|0.999|1.000|1.000|0.991|0.999|1.000|1.000|1.000|1.000|1.000|1.000|1.000|1.000|1.000|1.000|1.000|1.000,1.087
raw_sum,rope,0,id_5d,5,False,2,4,8,256,8000,1586701,2000,0.2925,0.95054,0.0005,0.40213,1.000|1.000|1.000|1.000|0.972|1.000|0.947|0.910|0.999|0.981|0.814|0.989|0.750|0.722|0.989|0.962|0.825|0.995|0.946|0.902|0.998|1.000|0.971|1.000|0.999|0.998|1.000,1.888
raw_sum,rope,0,id_5d,5,False,2,4,16,256,8000,1586701,2000,0.0325,0.85137,0.0005,0.40213,0.899|0.969|1.000|0.997|0.817|1.000|0.754|0.679|0.999|0.945|0.540|0.981|0.507|0.466|0.981|0.902|0.540|0.988|0.706|0.693|0.997|1.000|0.813|1.000|0.901|0.915|1.000,4.148
raw_sum,rope,0,id_5d,5,False,2,4,32,256,8000,1586701,2000,0.004,0.78635,0.0005,0.40213,0.746|0.919|1.000|0.985|0.739|1.000|0.603|0.579|0.999|0.851|0.443|0.980|0.386|0.367|0.974|0.795|0.441|0.985|0.560|0.585|0.997|0.983|0.726|1.000|0.713|0.879|1.000,5.792
raw_sum,rope,0,ood_6d,6,True,2,4,2,256,8000,1586701,2000,0.0,0.22692,0.001,0.3693,0.239|0.278|0.226|0.326|0.329|0.692|0.097|0.168|0.168|0.176|0.138|0.413|0.104|0.115|0.126|0.123|0.106|0.491|0.101|0.107|0.587|0.119|0.109|0.262|0.104|0.126|0.261|0.286|0.135|0.044|0.041|0.333|0.562,25.512
raw_sum,rope,0,ood_6d,6,True,2,4,4,256,8000,1586701,2000,0.0,0.24323,0.001,0.3693,0.179|0.343|0.398|0.300|0.310|0.789|0.093|0.147|0.229|0.182|0.137|0.334|0.096|0.115|0.119|0.096|0.103|0.497|0.094|0.104|0.617|0.070|0.120|0.364|0.106|0.114|0.248|0.286|0.157|0.250|0.000|0.330|0.698,24.974
raw_sum,rope,0,ood_6d,6,True,2,4,8,256,8000,1586701,2000,0.0,0.24755,0.001,0.3693,0.169|0.352|0.492|0.257|0.298|0.800|0.096|0.143|0.249|0.203|0.141|0.346|0.099|0.105|0.252|0.071|0.105|0.452|0.093|0.101|0.622|0.038|0.128|0.325|0.101|0.108|0.315|0.285|0.154|0.224|0.001|0.331|0.711,24.831
raw_sum,rope,0,ood_6d,6,True,2,4,16,256,8000,1586701,2000,0.0,0.23309,0.001,0.3693,0.172|0.284|0.412|0.243|0.302|0.788|0.095|0.139|0.205|0.179|0.137|0.321|0.096|0.109|0.251|0.052|0.106|0.414|0.096|0.107|0.607|0.030|0.123|0.284|0.099|0.104|0.335|0.285|0.133|0.179|0.007|0.332|0.663,25.308
raw_sum,rope,0,ood_6d,6,True,2,4,32,256,8000,1586701,2000,0.0,0.22279,0.001,0.3693,0.173|0.263|0.378|0.224|0.287|0.778|0.098|0.132|0.180|0.167|0.135|0.307|0.096|0.106|0.213|0.046|0.100|0.392|0.096|0.112|0.601|0.026|0.115|0.267|0.100|0.104|0.326|0.285|0.119|0.155|0.011|0.331|0.630,25.648
raw_sum,rope,0,ood_7d,7,True,2,4,2,256,8000,1586701,2000,0.0,0.24927,0.0005,0.3554,0.319|0.287|0.291|0.328|0.306|0.847|0.108|0.135|0.182|0.074|0.141|0.485|0.115|0.110|0.160|0.215|0.094|0.148|0.106|0.099|0.262|0.161|0.106|0.477|0.101|0.100|0.091|0.209|0.105|0.696|0.103|0.127|0.312|0.246|0.106|0.664|0.009|0.338|0.959,29.279
raw_sum,rope,0,ood_7d,7,True,2,4,4,256,8000,1586701,2000,0.0,0.2706,0.0005,0.3554,0.272|0.439|0.712|0.336|0.301|0.778|0.126|0.141|0.342|0.082|0.163|0.606|0.115|0.112|0.206|0.214|0.110|0.118|0.111|0.098|0.268|0.141|0.099|0.494|0.101|0.107|0.116|0.181|0.115|0.708|0.096|0.129|0.205|0.242|0.148|0.824|0.004|0.327|0.873,28.447
raw_sum,rope,0,ood_7d,7,True,2,4,8,256,8000,1586701,2000,0.0,0.26371,0.0005,0.3554,0.197|0.367|0.679|0.323|0.303|0.754|0.129|0.137|0.299|0.085|0.152|0.585|0.117|0.111|0.224|0.212|0.103|0.260|0.101|0.094|0.263|0.138|0.099|0.479|0.096|0.100|0.159|0.145|0.114|0.705|0.097|0.131|0.191|0.229|0.160|0.826|0.003|0.328|0.791,28.715
raw_sum,rope,0,ood_7d,7,True,2,4,16,256,8000,1586701,2000,0.0,0.25312,0.0005,0.3554,0.183|0.301|0.637|0.319|0.302|0.720|0.119|0.145|0.263|0.082|0.146|0.552|0.118|0.110|0.221|0.213|0.095|0.261|0.095|0.098|0.257|0.127|0.104|0.465|0.092|0.098|0.162|0.136|0.114|0.699|0.098|0.128|0.172|0.201|0.149|0.816|0.003|0.323|0.751,29.128
raw_sum,rope,0,ood_7d,7,True,2,4,32,256,8000,1586701,2000,0.0,0.24377,0.0005,0.3554,0.153|0.281|0.619|0.312|0.303|0.699|0.118|0.142|0.241|0.071|0.143|0.534|0.118|0.111|0.213|0.214|0.098|0.240|0.094|0.101|0.248|0.112|0.102|0.449|0.093|0.097|0.129|0.115|0.101|0.697|0.096|0.127|0.158|0.181|0.142|0.808|0.003|0.319|0.725,29.493
raw_sum,rope,0,ood_8d,8,True,2,4,2,256,8000,1586701,2000,0.0,0.23487,0.0005,0.33836,0.146|0.214|0.113|0.183|0.237|0.410|0.107|0.157|0.773|0.175|0.132|0.146|0.100|0.106|0.470|0.167|0.093|0.428|0.106|0.107|0.198|0.185|0.112|0.201|0.102|0.099|0.245|0.058|0.101|0.234|0.109|0.105|0.386|0.197|0.112|0.635|0.100|0.112|0.339|0.241|0.194|0.901|0.007|0.237|0.988,34.431
raw_sum,rope,0,ood_8d,8,True,2,4,4,256,8000,1586701,2000,0.0,0.2374,0.0005,0.33836,0.148|0.189|0.140|0.199|0.249|0.650|0.107|0.145|0.756|0.163|0.129|0.214|0.096|0.102|0.449|0.165|0.093|0.429|0.111|0.104|0.189|0.190|0.094|0.142|0.102|0.103|0.253|0.092|0.100|0.034|0.104|0.106|0.310|0.197|0.122|0.641|0.109|0.114|0.490|0.248|0.202|0.893|0.011|0.230|0.973,34.317
raw_sum,rope,0,ood_8d,8,True,2,4,8,256,8000,1586701,2000,0.0,0.23846,0.0005,0.33836,0.149|0.158|0.124|0.190|0.271|0.600|0.107|0.145|0.740|0.128|0.122|0.185|0.102|0.098|0.435|0.165|0.093|0.432|0.105|0.096|0.247|0.171|0.099|0.282|0.102|0.104|0.255|0.080|0.094|0.177|0.108|0.101|0.327|0.163|0.115|0.644|0.114|0.106|0.509|0.224|0.189|0.891|0.015|0.202|0.967,34.27
raw_sum,rope,0,ood_8d,8,True,2,4,16,256,8000,1586701,2000,0.0,0.23183,0.0005,0.33836,0.153|0.118|0.111|0.150|0.258|0.556|0.108|0.145|0.722|0.129|0.119|0.144|0.095|0.100|0.428|0.168|0.092|0.429|0.100|0.092|0.223|0.167|0.101|0.329|0.095|0.104|0.255|0.076|0.086|0.218|0.106|0.100|0.310|0.141|0.107|0.643|0.115|0.106|0.488|0.205|0.187|0.890|0.018|0.181|0.964,34.568
raw_sum,rope,0,ood_8d,8,True,2,4,32,256,8000,1586701,2000,0.0,0.22421,0.0005,0.33836,0.162|0.101|0.077|0.137|0.242|0.537|0.111|0.139|0.714|0.108|0.116|0.113|0.100|0.102|0.409|0.167|0.092|0.429|0.101|0.090|0.204|0.137|0.101|0.301|0.098|0.104|0.255|0.062|0.092|0.211|0.111|0.098|0.304|0.117|0.114|0.642|0.110|0.100|0.468|0.190|0.183|0.888|0.021|0.167|0.963,34.91
