task,positional,seed,train_digits,ood_digits,n_train,cohort,ood,digits,d_model,n_layers,steps,params,lr,abacus_max_k,loss_reduction,final_loss,diverged,flat,device,n_eval,exact_acc,digit_acc,chance_exact,chance_digit,per_place_acc,mean_wrong_digits
square,learned,0,1-2-3-4-5,6-7,24999,id_1d,False,1,256,4,8000,3170317,0.0003,8,token,4e-05,False,False,cuda:0,5,1.0,1.0,0.2,0.375,1.000|1.000,0.0
square,learned,0,1-2-3-4-5,6-7,24999,id_2d,False,2,256,4,8000,3170317,0.0003,8,token,4e-05,False,False,cuda:0,45,0.33333,0.73099,0.022222,0.20468,0.844|0.400|0.756|0.972,1.533
square,learned,0,1-2-3-4-5,6-7,24999,id_3d,False,3,256,4,8000,3170317,0.0003,8,token,4e-05,False,False,cuda:0,450,0.60444,0.91909,0.002222,0.17073,1.000|0.998|0.653|0.902|0.982|1.000,1.174
square,learned,0,1-2-3-4-5,6-7,24999,id_4d,False,4,256,4,8000,3170317,0.0003,8,token,4e-05,False,False,cuda:0,2000,0.43,0.91133,0.0005,0.15461,1.000|1.000|1.000|0.863|0.504|0.951|0.995|0.999,1.208
square,learned,0,1-2-3-4-5,6-7,24999,id_5d,False,5,256,4,8000,3170317,0.0003,8,token,4e-05,False,False,cuda:0,2000,0.047,0.78971,0.0005,0.14806,1.000|1.000|1.000|0.985|0.339|0.160|0.520|0.952|0.997|0.999,2.151
square,learned,0,1-2-3-4-5,6-7,24999,ood_6d,True,6,256,4,8000,3170317,0.0003,8,token,4e-05,False,False,cuda:0,2000,0.0005,0.3378,0.001,0.1402,0.177|0.116|0.107|0.108|0.116|0.105|0.109|0.096|0.379|0.919|0.989|0.997,7.785
square,learned,0,1-2-3-4-5,6-7,24999,ood_7d,True,7,256,4,8000,3170317,0.0003,8,token,4e-05,False,False,cuda:0,2000,0.0,0.28741,0.0005,0.13493,0.101|0.094|0.114|0.097|0.093|0.107|0.102|0.091|0.098|0.099|0.344|0.878|0.981|0.995,9.805
square,rope,0,1-2-3-4-5,6-7,24999,id_1d,False,1,256,4,8000,3166221,0.0003,8,token,0.01196,False,False,cuda:0,5,0.2,0.375,0.2,0.375,0.200|0.667,1.25
square,rope,0,1-2-3-4-5,6-7,24999,id_2d,False,2,256,4,8000,3166221,0.0003,8,token,0.01196,False,False,cuda:0,45,0.48889,0.82456,0.022222,0.20468,0.933|0.689|0.733|0.972,1.304
square,rope,0,1-2-3-4-5,6-7,24999,id_3d,False,3,256,4,8000,3166221,0.0003,8,token,0.01196,False,False,cuda:0,450,0.66667,0.93186,0.002222,0.17073,1.000|0.991|0.867|0.824|0.929|0.997,1.173
square,rope,0,1-2-3-4-5,6-7,24999,id_4d,False,4,256,4,8000,3166221,0.0003,8,token,0.01196,False,False,cuda:0,2000,0.4375,0.90997,0.0005,0.15461,1.000|1.000|0.998|0.858|0.536|0.923|0.990|0.996,1.243
square,rope,0,1-2-3-4-5,6-7,24999,id_5d,False,5,256,4,8000,3166221,0.0003,8,token,0.01196,False,False,cuda:0,2000,0.039,0.77119,0.0005,0.14806,1.000|1.000|1.000|0.939|0.277|0.160|0.490|0.915|0.993|0.997,2.32
square,rope,0,1-2-3-4-5,6-7,24999,ood_6d,True,6,256,4,8000,3166221,0.0003,8,token,0.01196,False,False,cuda:0,2000,0.0005,0.4463,0.001,0.1402,0.873|0.381|0.409|0.264|0.159|0.117|0.108|0.112|0.366|0.785|0.942|0.971,6.51
square,rope,0,1-2-3-4-5,6-7,24999,ood_7d,True,7,256,4,8000,3166221,0.0003,8,token,0.01196,False,False,cuda:0,2000,0.0,0.2583,0.0005,0.13493,0.584|0.212|0.160|0.135|0.111|0.107|0.110|0.102|0.103|0.101|0.178|0.360|0.656|0.836,10.205
square,rope_sum,0,1-2-3-4-5,6-7,24999,id_1d,False,1,256,4,8000,3166221,0.0003,8,token,0.01472,False,False,cuda:0,5,0.2,0.375,0.2,0.375,0.200|0.667,1.25
square,rope_sum,0,1-2-3-4-5,6-7,24999,id_2d,False,2,256,4,8000,3166221,0.0003,8,token,0.01472,False,False,cuda:0,45,0.06667,0.49708,0.022222,0.20468,0.311|0.244|0.578|0.944,2.048
square,rope_sum,0,1-2-3-4-5,6-7,24999,id_3d,False,3,256,4,8000,3166221,0.0003,8,token,0.01472,False,False,cuda:0,450,0.26444,0.80333,0.002222,0.17073,0.987|0.769|0.424|0.747|0.951|0.991,1.535
square,rope_sum,0,1-2-3-4-5,6-7,24999,id_4d,False,4,256,4,8000,3166221,0.0003,8,token,0.01472,False,False,cuda:0,2000,0.1095,0.81113,0.0005,0.15461,1.000|0.999|0.978|0.226|0.415|0.928|0.989|0.998,1.647
square,rope_sum,0,1-2-3-4-5,6-7,24999,id_5d,False,5,256,4,8000,3166221,0.0003,8,token,0.01472,False,False,cuda:0,2000,0.0205,0.7578,0.0005,0.14806,1.000|1.000|0.999|0.937|0.196|0.111|0.469|0.934|0.996|0.999,2.41
square,rope_sum,0,1-2-3-4-5,6-7,24999,ood_6d,True,6,256,4,8000,3166221,0.0003,8,token,0.01472,False,False,cuda:0,2000,0.0,0.32521,0.001,0.1402,0.284|0.084|0.108|0.119|0.117|0.101|0.107|0.102|0.293|0.776|0.979|0.999,7.929
square,rope_sum,0,1-2-3-4-5,6-7,24999,ood_7d,True,7,256,4,8000,3166221,0.0003,8,token,0.01472,False,False,cuda:0,2000,0.0,0.25114,0.0005,0.13493,0.323|0.180|0.130|0.102|0.093|0.101|0.095|0.087|0.094|0.113|0.121|0.397|0.876|0.980,10.303
square,rope_mixed,0,1-2-3-4-5,6-7,24999,id_1d,False,1,256,4,8000,3166221,0.0003,8,token,6e-05,False,False,cuda:0,5,0.6,0.625,0.2,0.375,0.600|0.667,1.5
square,rope_mixed,0,1-2-3-4-5,6-7,24999,id_2d,False,2,256,4,8000,3166221,0.0003,8,token,6e-05,False,False,cuda:0,45,0.17778,0.66082,0.022222,0.20468,0.778|0.333|0.644|0.944,1.568
square,rope_mixed,0,1-2-3-4-5,6-7,24999,id_3d,False,3,256,4,8000,3166221,0.0003,8,token,6e-05,False,False,cuda:0,450,0.55333,0.90283,0.002222,0.17073,1.000|0.998|0.671|0.824|0.951|0.997,1.249
square,rope_mixed,0,1-2-3-4-5,6-7,24999,id_4d,False,4,256,4,8000,3166221,0.0003,8,token,6e-05,False,False,cuda:0,2000,0.409,0.90199,0.0005,0.15461,1.000|1.000|0.999|0.752|0.551|0.944|0.995|0.999,1.288
square,rope_mixed,0,1-2-3-4-5,6-7,24999,id_5d,False,5,256,4,8000,3166221,0.0003,8,token,6e-05,False,False,cuda:0,2000,0.0365,0.7833,0.0005,0.14806,1.000|1.000|1.000|0.959|0.274|0.162|0.557|0.944|0.995|0.999,2.192
square,rope_mixed,0,1-2-3-4-5,6-7,24999,ood_6d,True,6,256,4,8000,3166221,0.0003,8,token,6e-05,False,False,cuda:0,2000,0.0005,0.39209,0.001,0.1402,0.737|0.183|0.174|0.146|0.128|0.104|0.097|0.116|0.367|0.843|0.964|0.996,7.147
square,rope_mixed,0,1-2-3-4-5,6-7,24999,ood_7d,True,7,256,4,8000,3166221,0.0003,8,token,6e-05,False,False,cuda:0,2000,0.0,0.28167,0.0005,0.13493,0.521|0.162|0.150|0.119|0.112|0.102|0.115|0.091|0.102|0.105|0.203|0.549|0.814|0.961,9.883
square,rope,0,1-2-3-4-5,6-7,24999,id_1d,False,1,256,2,8000,1586701,0.0003,8,token,0.092,False,False,cuda:0,5,0.4,0.5,0.2,0.375,0.400|0.667,1.333
square,rope,0,1-2-3-4-5,6-7,24999,id_2d,False,2,256,2,8000,1586701,0.0003,8,token,0.092,False,False,cuda:0,45,0.62222,0.87135,0.022222,0.20468,0.911|0.911|0.711|0.972,1.294
square,rope,0,1-2-3-4-5,6-7,24999,id_3d,False,3,256,2,8000,1586701,0.0003,8,token,0.092,False,False,cuda:0,450,0.53333,0.90476,0.002222,0.17073,0.996|0.987|0.878|0.669|0.924|1.000,1.171
square,rope,0,1-2-3-4-5,6-7,24999,id_4d,False,4,256,2,8000,1586701,0.0003,8,token,0.092,False,False,cuda:0,2000,0.2305,0.86219,0.0005,0.15461,1.000|1.000|0.994|0.809|0.322|0.830|0.978|0.997,1.391
square,rope,0,1-2-3-4-5,6-7,24999,id_5d,False,5,256,2,8000,1586701,0.0003,8,token,0.092,False,False,cuda:0,2000,0.024,0.74482,0.0005,0.14806,1.000|1.000|0.999|0.938|0.251|0.146|0.327|0.863|0.990|0.999,2.548
square,rope,0,1-2-3-4-5,6-7,24999,ood_6d,True,6,256,2,8000,1586701,0.0003,8,token,0.092,False,False,cuda:0,2000,0.0005,0.42911,0.001,0.1402,0.569|0.546|0.532|0.434|0.193|0.119|0.111|0.115|0.213|0.631|0.858|0.960,6.712
square,rope,0,1-2-3-4-5,6-7,24999,ood_7d,True,7,256,2,8000,1586701,0.0003,8,token,0.092,False,False,cuda:0,2000,0.0,0.22349,0.0005,0.13493,0.277|0.198|0.194|0.175|0.134|0.109|0.095|0.096|0.095|0.105|0.143|0.333|0.552|0.752,10.684
square,rope,0,1-2-3-4-5,6-7,24999,id_1d,False,1,256,8,8000,6325261,0.0003,8,token,0.00804,False,False,cuda:0,5,0.0,0.125,0.2,0.375,0.000|0.333,1.4
square,rope,0,1-2-3-4-5,6-7,24999,id_2d,False,2,256,8,8000,6325261,0.0003,8,token,0.00804,False,False,cuda:0,45,0.66667,0.91228,0.022222,0.20468,0.978|0.889|0.822|0.972,1.0
square,rope,0,1-2-3-4-5,6-7,24999,id_3d,False,3,256,8,8000,6325261,0.0003,8,token,0.00804,False,False,cuda:0,450,0.81333,0.964,0.002222,0.17073,1.000|0.993|0.958|0.898|0.951|0.991,1.107
square,rope,0,1-2-3-4-5,6-7,24999,id_4d,False,4,256,8,8000,6325261,0.0003,8,token,0.00804,False,False,cuda:0,2000,0.5085,0.92311,0.0005,0.15461,1.000|1.000|0.999|0.884|0.605|0.922|0.994|0.999,1.215
square,rope,0,1-2-3-4-5,6-7,24999,id_5d,False,5,256,8,8000,6325261,0.0003,8,token,0.00804,False,False,cuda:0,2000,0.0465,0.77852,0.0005,0.14806,1.000|1.000|1.000|0.934|0.317|0.161|0.511|0.924|0.995|1.000,2.264
square,rope,0,1-2-3-4-5,6-7,24999,ood_6d,True,6,256,8,8000,6325261,0.0003,8,token,0.00804,False,False,cuda:0,2000,0.0,0.47443,0.001,0.1402,0.971|0.504|0.455|0.288|0.190|0.127|0.121|0.147|0.360|0.768|0.912|0.975,6.176
square,rope,0,1-2-3-4-5,6-7,24999,ood_7d,True,7,256,8,8000,6325261,0.0003,8,token,0.00804,False,False,cuda:0,2000,0.0,0.27578,0.0005,0.13493,0.733|0.218|0.176|0.143|0.135|0.107|0.102|0.117|0.110|0.123|0.209|0.387|0.620|0.811,9.964
square,rope,0,1-2-3-4-5,6-7,24999,train_seen,False,-1,256,2,8000,1586701,0.0003,8,token,0.09261,False,False,cuda:2,2000,0.736,0.96899,0.0005,0.14399,1.000|1.000|0.998|0.991|0.956|0.786|0.982|0.998|0.998|1.000,1.095
square,rope,0,1-2-3-4-5,6-7,24999,id_1d,False,1,256,2,8000,1586701,0.0003,8,token,0.09261,False,False,cuda:2,5,0.6,0.75,0.2,0.375,0.800|0.667,1.0
square,rope,0,1-2-3-4-5,6-7,24999,id_2d,False,2,256,2,8000,1586701,0.0003,8,token,0.09261,False,False,cuda:2,45,0.4,0.74854,0.022222,0.20468,0.911|0.467|0.733|0.917,1.593
square,rope,0,1-2-3-4-5,6-7,24999,id_3d,False,3,256,2,8000,1586701,0.0003,8,token,0.09261,False,False,cuda:2,450,0.44222,0.87727,0.002222,0.17073,1.000|0.987|0.791|0.620|0.918|0.973,1.263
square,rope,0,1-2-3-4-5,6-7,24999,id_4d,False,4,256,2,8000,1586701,0.0003,8,token,0.09261,False,False,cuda:2,2000,0.225,0.85987,0.0005,0.15096,1.000|1.000|0.992|0.773|0.313|0.860|0.979|0.996,1.403
square,rope,0,1-2-3-4-5,6-7,24999,id_5d,False,5,256,2,8000,1586701,0.0003,8,token,0.09261,False,False,cuda:2,2000,0.018,0.7439,0.0005,0.14501,1.000|1.000|1.000|0.923|0.221|0.132|0.340|0.902|0.985|0.999,2.545
square,rope,0,1-2-3-4-5,6-7,24999,ood_6d,True,6,256,2,8000,1586701,0.0003,8,token,0.09261,False,False,cuda:2,2000,0.0,0.40988,0.001,0.13803,0.849|0.494|0.330|0.249|0.156|0.112|0.114|0.100|0.204|0.659|0.875|0.889,6.943
square,rope,0,1-2-3-4-5,6-7,24999,ood_7d,True,7,256,2,8000,1586701,0.0003,8,token,0.09261,False,False,cuda:2,2000,0.0,0.21799,0.0005,0.13716,0.204|0.214|0.214|0.126|0.117|0.103|0.096|0.102|0.102|0.092|0.160|0.374|0.587|0.677,10.748
square,rope,0,1-2-3-4-5,6-7,24999,train_seen,False,-1,256,4,8000,3166221,0.0003,8,token,4e-05,False,False,cuda:2,2000,1.0,1.0,0.0005,0.14399,1.000|1.000|1.000|1.000|1.000|1.000|1.000|1.000|1.000|1.000,0.0
square,rope,0,1-2-3-4-5,6-7,24999,id_1d,False,1,256,4,8000,3166221,0.0003,8,token,4e-05,False,False,cuda:2,5,0.4,0.5,0.2,0.375,0.400|0.667,1.333
square,rope,0,1-2-3-4-5,6-7,24999,id_2d,False,2,256,4,8000,3166221,0.0003,8,token,4e-05,False,False,cuda:2,45,0.46667,0.78363,0.022222,0.20468,0.844|0.689|0.667|0.972,1.542
square,rope,0,1-2-3-4-5,6-7,24999,id_3d,False,3,256,4,8000,3166221,0.0003,8,token,4e-05,False,False,cuda:2,450,0.78222,0.95316,0.002222,0.17073,1.000|1.000|0.916|0.869|0.951|0.994,1.235
square,rope,0,1-2-3-4-5,6-7,24999,id_4d,False,4,256,4,8000,3166221,0.0003,8,token,4e-05,False,False,cuda:2,2000,0.506,0.92433,0.0005,0.15096,1.000|1.000|1.000|0.919|0.571|0.933|0.992|0.998,1.188
square,rope,0,1-2-3-4-5,6-7,24999,id_5d,False,5,256,4,8000,3166221,0.0003,8,token,4e-05,False,False,cuda:2,2000,0.043,0.78325,0.0005,0.14501,1.000|1.000|1.000|0.964|0.324|0.173|0.482|0.947|0.996|1.000,2.21
square,rope,0,1-2-3-4-5,6-7,24999,ood_6d,True,6,256,4,8000,3166221,0.0003,8,token,4e-05,False,False,cuda:2,2000,0.0,0.47431,0.001,0.13803,0.979|0.529|0.476|0.301|0.172|0.135|0.110|0.132|0.346|0.767|0.892|0.967,6.185
square,rope,0,1-2-3-4-5,6-7,24999,ood_7d,True,7,256,4,8000,3166221,0.0003,8,token,4e-05,False,False,cuda:2,2000,0.0,0.26231,0.0005,0.13716,0.798|0.282|0.199|0.143|0.114|0.107|0.095|0.104|0.097|0.106|0.186|0.314|0.503|0.748,10.139
square,rope,0,1-2-3-4-5,6-7,24999,train_seen,False,-1,256,8,8000,6325261,0.0003,8,token,0.00337,False,False,cuda:2,2000,0.986,0.9985,0.0005,0.14399,1.000|1.000|1.000|0.998|0.996|0.997|0.996|0.998|1.000|1.000,1.0
square,rope,0,1-2-3-4-5,6-7,24999,id_1d,False,1,256,8,8000,6325261,0.0003,8,token,0.00337,False,False,cuda:2,5,0.6,0.75,0.2,0.375,0.800|0.667,1.0
square,rope,0,1-2-3-4-5,6-7,24999,id_2d,False,2,256,8,8000,6325261,0.0003,8,token,0.00337,False,False,cuda:2,45,0.6,0.88889,0.022222,0.20468,1.000|0.844|0.733|1.000,1.056
square,rope,0,1-2-3-4-5,6-7,24999,id_3d,False,3,256,8,8000,6325261,0.0003,8,token,0.00337,False,False,cuda:2,450,0.84444,0.96825,0.002222,0.17073,1.000|1.000|0.947|0.918|0.960|0.991,1.171
square,rope,0,1-2-3-4-5,6-7,24999,id_4d,False,4,256,8,8000,6325261,0.0003,8,token,0.00337,False,False,cuda:2,2000,0.6175,0.94005,0.0005,0.15096,1.000|1.000|1.000|0.894|0.737|0.918|0.990|0.995,1.216
square,rope,0,1-2-3-4-5,6-7,24999,id_5d,False,5,256,8,8000,6325261,0.0003,8,token,0.00337,False,False,cuda:2,2000,0.0495,0.78659,0.0005,0.14501,1.000|1.000|1.000|0.930|0.313|0.168|0.574|0.938|0.996|0.999,2.191
square,rope,0,1-2-3-4-5,6-7,24999,ood_6d,True,6,256,8,8000,6325261,0.0003,8,token,0.00337,False,False,cuda:2,2000,0.0,0.50584,0.001,0.13803,0.921|0.615|0.592|0.398|0.207|0.127|0.110|0.146|0.435|0.769|0.889|0.972,5.814
square,rope,0,1-2-3-4-5,6-7,24999,ood_7d,True,7,256,8,8000,6325261,0.0003,8,token,0.00337,False,False,cuda:2,2000,0.0,0.26045,0.0005,0.13716,0.541|0.242|0.233|0.184|0.119|0.111|0.119|0.113|0.104|0.126|0.215|0.357|0.542|0.773,10.164
carryless_square,rope,0,1-2-3-4-5,6-7,24999,train_seen,False,-1,256,4,8000,3166221,0.0003,8,token,0.0,False,False,cuda:2,2000,1.0,1.0,0.001,0.21624,1.000|1.000|1.000|1.000|1.000|1.000|1.000|1.000|1.000,0.0
carryless_square,rope,0,1-2-3-4-5,6-7,24999,id_1d,False,1,256,4,8000,3166221,0.0003,8,token,0.0,False,False,cuda:2,5,1.0,1.0,0.4,0.4,1.000,0.0
carryless_square,rope,0,1-2-3-4-5,6-7,24999,id_2d,False,2,256,4,8000,3166221,0.0003,8,token,0.0,False,False,cuda:2,45,1.0,1.0,0.044444,0.28148,1.000|1.000|1.000,0.0
carryless_square,rope,0,1-2-3-4-5,6-7,24999,id_3d,False,3,256,4,8000,3166221,0.0003,8,token,0.0,False,False,cuda:2,450,1.0,1.0,0.004444,0.24533,1.000|1.000|1.000|1.000|1.000,0.0
carryless_square,rope,0,1-2-3-4-5,6-7,24999,id_4d,False,4,256,4,8000,3166221,0.0003,8,token,0.0,False,False,cuda:2,2000,1.0,1.0,0.001,0.224,1.000|1.000|1.000|1.000|1.000|1.000|1.000,0.0
carryless_square,rope,0,1-2-3-4-5,6-7,24999,id_5d,False,5,256,4,8000,3166221,0.0003,8,token,0.0,False,False,cuda:2,2000,0.9995,0.99994,0.001,0.21133,1.000|1.000|1.000|1.000|1.000|1.000|1.000|1.000|1.000,1.0
carryless_square,rope,0,1-2-3-4-5,6-7,24999,ood_6d,True,6,256,4,8000,3166221,0.0003,8,token,0.0,False,False,cuda:2,2000,0.0,0.33682,0.001,0.2,0.489|0.133|0.120|0.379|0.158|0.230|0.113|0.135|0.603|0.755|0.590,7.295
carryless_square,rope,0,1-2-3-4-5,6-7,24999,ood_7d,True,7,256,4,8000,3166221,0.0003,8,token,0.0,False,False,cuda:2,2000,0.0,0.23742,0.001,0.19642,0.374|0.053|0.143|0.274|0.115|0.174|0.102|0.191|0.262|0.269|0.302|0.445|0.383,9.914
carryless_square,rope_significance,0,1-2-3-4-5,6-7,24999,train_seen,False,-1,256,4,8000,3166221,0.0003,8,token,0.38775,False,False,cuda:2,2000,0.011,0.7219,0.001,0.21624,0.501|0.632|0.716|1.000|0.991|0.926|0.583|0.595|0.483,2.407
carryless_square,rope_significance,0,1-2-3-4-5,6-7,24999,id_1d,False,1,256,4,8000,3166221,0.0003,8,token,0.38775,False,False,cuda:2,5,1.0,1.0,0.4,0.4,1.000,0.0
carryless_square,rope_significance,0,1-2-3-4-5,6-7,24999,id_2d,False,2,256,4,8000,3166221,0.0003,8,token,0.38775,False,False,cuda:2,45,1.0,1.0,0.044444,0.28148,1.000|1.000|1.000,0.0
carryless_square,rope_significance,0,1-2-3-4-5,6-7,24999,id_3d,False,3,256,4,8000,3166221,0.0003,8,token,0.38775,False,False,cuda:2,450,0.20889,0.84178,0.004444,0.24533,0.682|1.000|1.000|1.000|0.527,1.0
carryless_square,rope_significance,0,1-2-3-4-5,6-7,24999,id_4d,False,4,256,4,8000,3166221,0.0003,8,token,0.38775,False,False,cuda:2,2000,0.008,0.74007,0.001,0.224,0.514|0.638|1.000|1.000|1.000|0.596|0.432,1.834
carryless_square,rope_significance,0,1-2-3-4-5,6-7,24999,id_5d,False,5,256,4,8000,3166221,0.0003,8,token,0.38775,False,False,cuda:2,2000,0.007,0.71633,0.001,0.21133,0.509|0.653|0.626|1.000|1.000|1.000|0.595|0.572|0.492,2.571
carryless_square,rope_significance,0,1-2-3-4-5,6-7,24999,ood_6d,True,6,256,4,8000,3166221,0.0003,8,token,0.38775,False,False,cuda:2,2000,0.0,0.4435,0.001,0.2,0.977|0.739|0.624|0.152|0.776|0.133|0.090|0.107|0.131|0.268|0.882,6.122
carryless_square,rope_significance,0,1-2-3-4-5,6-7,24999,ood_7d,True,7,256,4,8000,3166221,0.0003,8,token,0.38775,False,False,cuda:2,2000,0.0,0.33269,0.001,0.19642,0.958|0.692|0.221|0.254|0.321|0.165|0.126|0.195|0.113|0.283|0.166|0.285|0.548,8.675
carryless_square,rope_significance+sink,0,1-2-3-4-5,6-7,24999,train_seen,False,-1,256,4,8000,3166237,0.0003,8,token,0.38761,False,False,cuda:2,2000,0.011,0.7219,0.001,0.21624,0.513|0.611|0.657|1.000|0.990|0.933|0.562|0.624|0.556,2.407
carryless_square,rope_significance+sink,0,1-2-3-4-5,6-7,24999,id_1d,False,1,256,4,8000,3166237,0.0003,8,token,0.38761,False,False,cuda:2,5,1.0,1.0,0.4,0.4,1.000,0.0
carryless_square,rope_significance+sink,0,1-2-3-4-5,6-7,24999,id_2d,False,2,256,4,8000,3166237,0.0003,8,token,0.38761,False,False,cuda:2,45,1.0,1.0,0.044444,0.28148,1.000|1.000|1.000,0.0
carryless_square,rope_significance+sink,0,1-2-3-4-5,6-7,24999,id_3d,False,3,256,4,8000,3166237,0.0003,8,token,0.38761,False,False,cuda:2,450,0.20889,0.84178,0.004444,0.24533,0.640|1.000|1.000|1.000|0.569,1.0
carryless_square,rope_significance+sink,0,1-2-3-4-5,6-7,24999,id_4d,False,4,256,4,8000,3166237,0.0003,8,token,0.38761,False,False,cuda:2,2000,0.008,0.74007,0.001,0.224,0.482|0.639|1.000|1.000|1.000|0.627|0.431,1.834
carryless_square,rope_significance+sink,0,1-2-3-4-5,6-7,24999,id_5d,False,5,256,4,8000,3166237,0.0003,8,token,0.38761,False,False,cuda:2,2000,0.007,0.71633,0.001,0.21133,0.541|0.596|0.540|1.000|1.000|1.000|0.562|0.629|0.579,2.571
carryless_square,rope_significance+sink,0,1-2-3-4-5,6-7,24999,ood_6d,True,6,256,4,8000,3166237,0.0003,8,token,0.38761,False,False,cuda:2,2000,0.0,0.4325,0.001,0.2,0.928|0.722|0.440|0.462|0.860|0.151|0.090|0.117|0.164|0.314|0.511,6.242
carryless_square,rope_significance+sink,0,1-2-3-4-5,6-7,24999,ood_7d,True,7,256,4,8000,3166237,0.0003,8,token,0.38761,False,False,cuda:2,2000,0.0,0.30135,0.001,0.19642,0.866|0.563|0.239|0.231|0.514|0.154|0.126|0.217|0.115|0.232|0.208|0.196|0.258,9.082
carryless_square,rope_significance+loop4,0,1-2-3-4-5,6-7,24999,train_seen,False,-1,256,2,8000,1586701,0.0003,8,token,0.38751,False,False,cuda:0,2000,0.011,0.7219,0.001,0.21624,0.469|0.628|0.725|1.000|0.991|0.938|0.590|0.617|0.472,2.407
carryless_square,rope_significance+loop4,0,1-2-3-4-5,6-7,24999,id_1d,False,1,256,2,8000,1586701,0.0003,8,token,0.38751,False,False,cuda:0,5,1.0,1.0,0.4,0.4,1.000,0.0
carryless_square,rope_significance+loop4,0,1-2-3-4-5,6-7,24999,id_2d,False,2,256,2,8000,1586701,0.0003,8,token,0.38751,False,False,cuda:0,45,1.0,1.0,0.044444,0.28148,1.000|1.000|1.000,0.0
carryless_square,rope_significance+loop4,0,1-2-3-4-5,6-7,24999,id_3d,False,3,256,2,8000,1586701,0.0003,8,token,0.38751,False,False,cuda:0,450,0.20889,0.84178,0.004444,0.24533,0.616|1.000|1.000|1.000|0.593,1.0
carryless_square,rope_significance+loop4,0,1-2-3-4-5,6-7,24999,id_4d,False,4,256,2,8000,1586701,0.0003,8,token,0.38751,False,False,cuda:0,2000,0.008,0.74007,0.001,0.224,0.476|0.689|1.000|1.000|1.000|0.633|0.383,1.834
carryless_square,rope_significance+loop4,0,1-2-3-4-5,6-7,24999,id_5d,False,5,256,2,8000,1586701,0.0003,8,token,0.38751,False,False,cuda:0,2000,0.007,0.71633,0.001,0.21133,0.508|0.640|0.632|1.000|1.000|1.000|0.596|0.585|0.486,2.571
carryless_square,rope_significance+loop4,0,1-2-3-4-5,6-7,24999,ood_6d,True,6,256,2,8000,1586701,0.0003,8,token,0.38751,False,False,cuda:0,2000,0.0,0.40623,0.001,0.2,0.951|0.787|0.610|0.131|0.390|0.150|0.093|0.099|0.127|0.244|0.887,6.532
carryless_square,rope_significance+loop4,0,1-2-3-4-5,6-7,24999,ood_7d,True,7,256,2,8000,1586701,0.0003,8,token,0.38751,False,False,cuda:0,2000,0.0,0.32462,0.001,0.19642,0.915|0.503|0.363|0.221|0.165|0.188|0.102|0.209|0.114|0.286|0.182|0.202|0.770,8.78
carryless_square,rope_dual,0,1-2-3-4-5,6-7,24999,train_seen,False,-1,256,4,8000,3166221,0.0003,8,token,0.0,False,False,cuda:0,2000,1.0,1.0,0.001,0.21624,1.000|1.000|1.000|1.000|1.000|1.000|1.000|1.000|1.000,0.0
carryless_square,rope_dual,0,1-2-3-4-5,6-7,24999,id_1d,False,1,256,4,8000,3166221,0.0003,8,token,0.0,False,False,cuda:0,5,0.2,0.2,0.4,0.4,0.200,1.0
carryless_square,rope_dual,0,1-2-3-4-5,6-7,24999,id_2d,False,2,256,4,8000,3166221,0.0003,8,token,0.0,False,False,cuda:0,45,0.97778,0.99259,0.044444,0.28148,1.000|1.000|0.978,1.0
carryless_square,rope_dual,0,1-2-3-4-5,6-7,24999,id_3d,False,3,256,4,8000,3166221,0.0003,8,token,0.0,False,False,cuda:0,450,1.0,1.0,0.004444,0.24533,1.000|1.000|1.000|1.000|1.000,0.0
carryless_square,rope_dual,0,1-2-3-4-5,6-7,24999,id_4d,False,4,256,4,8000,3166221,0.0003,8,token,0.0,False,False,cuda:0,2000,1.0,1.0,0.001,0.224,1.000|1.000|1.000|1.000|1.000|1.000|1.000,0.0
carryless_square,rope_dual,0,1-2-3-4-5,6-7,24999,id_5d,False,5,256,4,8000,3166221,0.0003,8,token,0.0,False,False,cuda:0,2000,1.0,1.0,0.001,0.21133,1.000|1.000|1.000|1.000|1.000|1.000|1.000|1.000|1.000,0.0
carryless_square,rope_dual,0,1-2-3-4-5,6-7,24999,ood_6d,True,6,256,4,8000,3166221,0.0003,8,token,0.0,False,False,cuda:0,2000,0.0,0.28118,0.001,0.2,0.893|0.123|0.105|0.305|0.177|0.168|0.103|0.126|0.249|0.617|0.225,7.907
carryless_square,rope_dual,0,1-2-3-4-5,6-7,24999,ood_7d,True,7,256,4,8000,3166221,0.0003,8,token,0.0,False,False,cuda:0,2000,0.0,0.1905,0.001,0.19642,0.583|0.117|0.146|0.199|0.102|0.212|0.103|0.208|0.106|0.093|0.122|0.261|0.223,10.524
carryless_square,rope,0,1-2-4-5,3-6-7,29549,train_seen,False,-1,256,4,8000,3166221,0.0003,8,token,0.0,False,False,cuda:0,2000,1.0,1.0,0.001,0.21027,1.000|1.000|1.000|1.000|1.000|1.000|1.000|1.000|1.000,0.0
carryless_square,rope,0,1-2-4-5,3-6-7,29549,id_1d,False,1,256,4,8000,3166221,0.0003,8,token,0.0,False,False,cuda:0,5,1.0,1.0,0.4,0.4,1.000,0.0
carryless_square,rope,0,1-2-4-5,3-6-7,29549,id_2d,False,2,256,4,8000,3166221,0.0003,8,token,0.0,False,False,cuda:0,45,1.0,1.0,0.044444,0.28148,1.000|1.000|1.000,0.0
carryless_square,rope,0,1-2-4-5,3-6-7,29549,id_4d,False,4,256,4,8000,3166221,0.0003,8,token,0.0,False,False,cuda:0,2000,1.0,1.0,0.001,0.22129,1.000|1.000|1.000|1.000|1.000|1.000|1.000,0.0
carryless_square,rope,0,1-2-4-5,3-6-7,29549,id_5d,False,5,256,4,8000,3166221,0.0003,8,token,0.0,False,False,cuda:0,2000,1.0,1.0,0.001,0.21167,1.000|1.000|1.000|1.000|1.000|1.000|1.000|1.000|1.000,0.0
carryless_square,rope,0,1-2-4-5,3-6-7,29549,ood_3d,True,3,256,4,8000,3166221,0.0003,8,token,0.0,False,False,cuda:0,2000,0.0095,0.4158,0.006,0.2442,0.629|0.231|0.145|0.167|0.907,2.949
carryless_square,rope,0,1-2-4-5,3-6-7,29549,ood_6d,True,6,256,4,8000,3166221,0.0003,8,token,0.0,False,False,cuda:0,2000,0.0,0.37177,0.001,0.20336,0.623|0.035|0.142|0.416|0.164|0.247|0.089|0.098|0.538|0.752|0.985,6.91
carryless_square,rope,0,1-2-4-5,3-6-7,29549,ood_7d,True,7,256,4,8000,3166221,0.0003,8,token,0.0,False,False,cuda:0,2000,0.0,0.23696,0.001,0.19569,0.363|0.106|0.105|0.026|0.105|0.209|0.105|0.209|0.245|0.107|0.388|0.391|0.720,9.919
carryless_square,rope_significance,0,1-2-3-4-5,6-7,24999,train_seen,False,-1,256,4,8000,3166221,0.0003,8,token,0.38764,False,False,cuda:4,2000,0.011,0.7219,0.001,0.21624,0.493|0.680|0.715|1.000|0.990|0.947|0.544|0.568|0.484,2.407
carryless_square,rope_significance,0,1-2-3-4-5,6-7,24999,id_1d,False,1,256,4,8000,3166221,0.0003,8,token,0.38764,False,False,cuda:4,5,1.0,1.0,0.4,0.4,1.000,0.0
carryless_square,rope_significance,0,1-2-3-4-5,6-7,24999,id_2d,False,2,256,4,8000,3166221,0.0003,8,token,0.38764,False,False,cuda:4,45,1.0,1.0,0.044444,0.28148,1.000|1.000|1.000,0.0
carryless_square,rope_significance,0,1-2-3-4-5,6-7,24999,id_3d,False,3,256,4,8000,3166221,0.0003,8,token,0.38764,False,False,cuda:4,450,0.20889,0.84178,0.004444,0.24533,0.642|1.000|1.000|1.000|0.567,1.0
carryless_square,rope_significance,0,1-2-3-4-5,6-7,24999,id_4d,False,4,256,4,8000,3166221,0.0003,8,token,0.38764,False,False,cuda:4,2000,0.008,0.74007,0.001,0.224,0.419|0.769|1.000|1.000|1.000|0.690|0.302,1.834
carryless_square,rope_significance,0,1-2-3-4-5,6-7,24999,id_5d,False,5,256,4,8000,3166221,0.0003,8,token,0.38764,False,False,cuda:4,2000,0.007,0.71633,0.001,0.21133,0.515|0.664|0.617|1.000|1.000|1.000|0.589|0.561|0.502,2.571
carryless_square,rope_significance,0,1-2-3-4-5,6-7,24999,ood_6d,True,6,256,4,8000,3166221,0.0003,8,token,0.38764,False,False,cuda:4,2000,0.0,0.42632,0.001,0.2,0.917|0.707|0.467|0.205|0.689|0.159|0.100|0.111|0.147|0.334|0.855,6.311
carryless_square,rope_significance,0,1-2-3-4-5,6-7,24999,ood_7d,True,7,256,4,8000,3166221,0.0003,8,token,0.38764,False,False,cuda:4,2000,0.0,0.31773,0.001,0.19642,0.771|0.531|0.227|0.236|0.211|0.157|0.123|0.215|0.141|0.261|0.256|0.235|0.766,8.87
square,rope_significance,0,1-2-3-4-5,6-7,24999,train_seen,False,-1,256,4,8000,3166221,0.0003,8,token,0.47701,False,False,cuda:4,2000,0.0025,0.65907,0.0005,0.14399,0.544|0.597|0.607|0.733|0.994|0.919|0.545|0.514|0.522|0.530,3.185
square,rope_significance,0,1-2-3-4-5,6-7,24999,id_1d,False,1,256,4,8000,3166221,0.0003,8,token,0.47701,False,False,cuda:4,5,0.8,0.875,0.2,0.375,1.000|0.667,1.0
square,rope_significance,0,1-2-3-4-5,6-7,24999,id_2d,False,2,256,4,8000,3166221,0.0003,8,token,0.47701,False,False,cuda:4,45,0.24444,0.76023,0.022222,0.20468,0.733|1.000|0.800|0.444,1.206
square,rope_significance,0,1-2-3-4-5,6-7,24999,id_3d,False,3,256,4,8000,3166221,0.0003,8,token,0.47701,False,False,cuda:4,450,0.02667,0.6535,0.002222,0.17073,0.591|0.700|0.987|0.620|0.491|0.489,2.043
square,rope_significance,0,1-2-3-4-5,6-7,24999,id_4d,False,4,256,4,8000,3166221,0.0003,8,token,0.47701,False,False,cuda:4,2000,0.0005,0.53378,0.0005,0.15096,0.810|0.614|0.602|0.665|0.223|0.272|0.492|0.612,3.618
square,rope_significance,0,1-2-3-4-5,6-7,24999,id_5d,False,5,256,4,8000,3166221,0.0003,8,token,0.47701,False,False,cuda:4,2000,0.0,0.46552,0.0005,0.14501,0.944|0.812|0.525|0.333|0.212|0.116|0.118|0.269|0.569|0.851,5.215
square,rope_significance,0,1-2-3-4-5,6-7,24999,ood_6d,True,6,256,4,8000,3166221,0.0003,8,token,0.47701,False,False,cuda:4,2000,0.0,0.41273,0.001,0.13803,0.826|0.811|0.649|0.271|0.138|0.110|0.102|0.100|0.138|0.335|0.708|0.873,6.91
square,rope_significance,0,1-2-3-4-5,6-7,24999,ood_7d,True,7,256,4,8000,3166221,0.0003,8,token,0.47701,False,False,cuda:4,2000,0.0,0.29236,0.0005,0.13716,0.541|0.554|0.500|0.304|0.139|0.106|0.107|0.108|0.106|0.104|0.153|0.313|0.479|0.676,9.726
carryless_square_scratch,rope_significance+scratch,0,1-2-3-4-5,6-7,24999,train_seen,False,-1,256,4,8000,3166734,0.0003,8,token,0.16799,False,False,cuda:4,2000,0.853,0.98224,0.001,0.21624,1.000|1.000|0.998|0.995|0.859|0.995|1.000|1.000|1.000,1.034
carryless_square_scratch,rope_significance+scratch,0,1-2-3-4-5,6-7,24999,id_1d,False,1,256,4,8000,3166734,0.0003,8,token,0.16799,False,False,cuda:4,5,1.0,1.0,0.4,0.4,1.000,0.0
carryless_square_scratch,rope_significance+scratch,0,1-2-3-4-5,6-7,24999,id_2d,False,2,256,4,8000,3166734,0.0003,8,token,0.16799,False,False,cuda:4,45,1.0,1.0,0.044444,0.28148,1.000|1.000|1.000,0.0
carryless_square_scratch,rope_significance+scratch,0,1-2-3-4-5,6-7,24999,id_3d,False,3,256,4,8000,3166734,0.0003,8,token,0.16799,False,False,cuda:4,450,0.99778,0.99956,0.004444,0.24533,1.000|1.000|0.998|1.000|1.000,1.0
carryless_square_scratch,rope_significance+scratch,0,1-2-3-4-5,6-7,24999,id_4d,False,4,256,4,8000,3166734,0.0003,8,token,0.16799,False,False,cuda:4,2000,0.994,0.99914,0.001,0.224,1.000|1.000|0.999|0.997|1.000|0.999|1.000,1.0
carryless_square_scratch,rope_significance+scratch,0,1-2-3-4-5,6-7,24999,id_5d,False,5,256,4,8000,3166734,0.0003,8,token,0.16799,False,False,cuda:4,2000,0.7755,0.97428,0.001,0.21133,1.000|1.000|0.999|0.995|0.787|0.989|1.000|1.000|1.000,1.031
carryless_square_scratch,rope_significance+scratch,0,1-2-3-4-5,6-7,24999,ood_6d,True,6,256,4,8000,3166734,0.0003,8,token,0.16799,False,False,cuda:4,2000,0.0,0.39473,0.001,0.2,0.431|0.963|0.221|0.373|0.111|0.191|0.232|0.259|0.142|0.611|0.809,6.658
carryless_square_scratch,rope_significance+scratch,0,1-2-3-4-5,6-7,24999,ood_7d,True,7,256,4,8000,3166734,0.0003,8,token,0.16799,False,False,cuda:4,2000,0.0,0.22358,0.001,0.19642,0.231|0.469|0.142|0.277|0.095|0.193|0.114|0.198|0.100|0.262|0.118|0.472|0.237,10.094
square_scratch,rope_significance+scratch,0,1-2-3-4-5,6-7,24999,train_seen,False,-1,256,4,8000,3166734,0.0003,8,token,0.01847,False,False,cuda:4,2000,0.952,0.99469,0.0005,0.14399,1.000|1.000|1.000|0.995|0.988|0.980|0.991|0.997|0.999|1.000,1.031
square_scratch,rope_significance+scratch,0,1-2-3-4-5,6-7,24999,id_1d,False,1,256,4,8000,3166734,0.0003,8,token,0.01847,False,False,cuda:4,5,0.4,0.625,0.2,0.375,0.800|0.333,1.0
square_scratch,rope_significance+scratch,0,1-2-3-4-5,6-7,24999,id_2d,False,2,256,4,8000,3166734,0.0003,8,token,0.01847,False,False,cuda:4,45,0.77778,0.93567,0.022222,0.20468,1.000|1.000|0.800|0.944,1.1
square_scratch,rope_significance+scratch,0,1-2-3-4-5,6-7,24999,id_3d,False,3,256,4,8000,3166734,0.0003,8,token,0.01847,False,False,cuda:4,450,0.72222,0.94657,0.002222,0.17073,1.000|0.996|0.984|0.780|0.938|0.994,1.104
square_scratch,rope_significance+scratch,0,1-2-3-4-5,6-7,24999,id_4d,False,4,256,4,8000,3166734,0.0003,8,token,0.01847,False,False,cuda:4,2000,0.301,0.87753,0.0005,0.15096,1.000|1.000|0.997|0.828|0.408|0.830|0.987|0.999,1.359
square_scratch,rope_significance+scratch,0,1-2-3-4-5,6-7,24999,id_5d,False,5,256,4,8000,3166734,0.0003,8,token,0.01847,False,False,cuda:4,2000,0.0295,0.76332,0.0005,0.14501,1.000|1.000|0.995|0.870|0.304|0.154|0.464|0.911|0.994|1.000,2.38
square_scratch,rope_significance+scratch,0,1-2-3-4-5,6-7,24999,ood_6d,True,6,256,4,8000,3166734,0.0003,8,token,0.01847,False,False,cuda:4,2000,0.0,0.48663,0.001,0.13803,0.490|0.886|0.642|0.534|0.245|0.134|0.113|0.128|0.257|0.590|0.948|0.992,6.04
square_scratch,rope_significance+scratch,0,1-2-3-4-5,6-7,24999,ood_7d,True,7,256,4,8000,3166734,0.0003,8,token,0.01847,False,False,cuda:4,2000,0.0,0.26103,0.0005,0.13716,0.191|0.459|0.245|0.233|0.151|0.117|0.107|0.097|0.108|0.115|0.144|0.217|0.741|0.890,10.156
carryless_square_scratch,rope_significance+scratch,0,1-2-3-4-5,6-7,24999,train_seen,False,-1,256,5,8000,3956494,0.0003,8,token,0.0001,False,False,cuda:4,2000,1.0,1.0,0.001,0.21624,1.000|1.000|1.000|1.000|1.000|1.000|1.000|1.000|1.000,0.0
carryless_square_scratch,rope_significance+scratch,0,1-2-3-4-5,6-7,24999,id_1d,False,1,256,5,8000,3956494,0.0003,8,token,0.0001,False,False,cuda:4,5,1.0,1.0,0.4,0.4,1.000,0.0
carryless_square_scratch,rope_significance+scratch,0,1-2-3-4-5,6-7,24999,id_2d,False,2,256,5,8000,3956494,0.0003,8,token,0.0001,False,False,cuda:4,45,1.0,1.0,0.044444,0.28148,1.000|1.000|1.000,0.0
carryless_square_scratch,rope_significance+scratch,0,1-2-3-4-5,6-7,24999,id_3d,False,3,256,5,8000,3956494,0.0003,8,token,0.0001,False,False,cuda:4,450,1.0,1.0,0.004444,0.24533,1.000|1.000|1.000|1.000|1.000,0.0
carryless_square_scratch,rope_significance+scratch,0,1-2-3-4-5,6-7,24999,id_4d,False,4,256,5,8000,3956494,0.0003,8,token,0.0001,False,False,cuda:4,2000,1.0,1.0,0.001,0.224,1.000|1.000|1.000|1.000|1.000|1.000|1.000,0.0
carryless_square_scratch,rope_significance+scratch,0,1-2-3-4-5,6-7,24999,id_5d,False,5,256,5,8000,3956494,0.0003,8,token,0.0001,False,False,cuda:4,2000,1.0,1.0,0.001,0.21133,1.000|1.000|1.000|1.000|1.000|1.000|1.000|1.000|1.000,0.0
carryless_square_scratch,rope_significance+scratch,0,1-2-3-4-5,6-7,24999,ood_6d,True,6,256,5,8000,3956494,0.0003,8,token,0.0001,False,False,cuda:4,2000,0.0045,0.61005,0.001,0.2,0.965|0.946|0.234|0.665|0.554|0.286|0.353|0.528|0.182|1.000|0.995,4.309
carryless_square_scratch,rope_significance+scratch,0,1-2-3-4-5,6-7,24999,ood_7d,True,7,256,5,8000,3956494,0.0003,8,token,0.0001,False,False,cuda:4,2000,0.0,0.42496,0.001,0.19642,0.707|0.822|0.234|0.435|0.161|0.256|0.141|0.215|0.111|0.284|0.230|0.993|0.935,7.476
square_scratch,rope_significance+scratch,0,1-2-3-4-5,6-7,24999,train_seen,False,-1,256,5,8000,3956494,0.0003,8,token,0.0001,False,False,cuda:4,2000,1.0,1.0,0.0005,0.14399,1.000|1.000|1.000|1.000|1.000|1.000|1.000|1.000|1.000|1.000,0.0
square_scratch,rope_significance+scratch,0,1-2-3-4-5,6-7,24999,id_1d,False,1,256,5,8000,3956494,0.0003,8,token,0.0001,False,False,cuda:4,5,0.6,0.75,0.2,0.375,1.000|0.333,1.0
square_scratch,rope_significance+scratch,0,1-2-3-4-5,6-7,24999,id_2d,False,2,256,5,8000,3956494,0.0003,8,token,0.0001,False,False,cuda:4,45,0.8,0.94737,0.022222,0.20468,1.000|1.000|0.822|0.972,1.0
square_scratch,rope_significance+scratch,0,1-2-3-4-5,6-7,24999,id_3d,False,3,256,5,8000,3956494,0.0003,8,token,0.0001,False,False,cuda:4,450,0.89333,0.98026,0.002222,0.17073,1.000|1.000|1.000|0.922|0.967|0.997,1.062
square_scratch,rope_significance+scratch,0,1-2-3-4-5,6-7,24999,id_4d,False,4,256,5,8000,3956494,0.0003,8,token,0.0001,False,False,cuda:4,2000,0.4995,0.92104,0.0005,0.15096,1.000|1.000|1.000|0.909|0.564|0.920|0.995|0.999,1.224
square_scratch,rope_significance+scratch,0,1-2-3-4-5,6-7,24999,id_5d,False,5,256,5,8000,3956494,0.0003,8,token,0.0001,False,False,cuda:4,2000,0.0695,0.79437,0.0005,0.14501,1.000|1.000|1.000|0.926|0.353|0.186|0.588|0.943|0.997|1.000,2.156
square_scratch,rope_significance+scratch,0,1-2-3-4-5,6-7,24999,ood_6d,True,6,256,5,8000,3956494,0.0003,8,token,0.0001,False,False,cuda:4,2000,0.0,0.53844,0.001,0.13803,0.800|0.954|0.772|0.481|0.215|0.139|0.122|0.135|0.331|0.699|0.945|0.969,5.431
square_scratch,rope_significance+scratch,0,1-2-3-4-5,6-7,24999,ood_7d,True,7,256,5,8000,3956494,0.0003,8,token,0.0001,False,False,cuda:4,2000,0.0,0.26187,0.0005,0.13716,0.233|0.202|0.260|0.190|0.137|0.113|0.104|0.117|0.106|0.112|0.165|0.419|0.774|0.898,10.145
carryless_square_scratch,rope+scratch,0,1-2-3-4-5,6-7,24999,train_seen,False,-1,256,4,8000,3166734,0.0003,8,token,0.0,False,False,cuda:2,2000,1.0,1.0,0.001,0.21624,1.000|1.000|1.000|1.000|1.000|1.000|1.000|1.000|1.000,0.0
carryless_square_scratch,rope+scratch,0,1-2-3-4-5,6-7,24999,id_1d,False,1,256,4,8000,3166734,0.0003,8,token,0.0,False,False,cuda:2,5,1.0,1.0,0.4,0.4,1.000,0.0
carryless_square_scratch,rope+scratch,0,1-2-3-4-5,6-7,24999,id_2d,False,2,256,4,8000,3166734,0.0003,8,token,0.0,False,False,cuda:2,45,1.0,1.0,0.044444,0.28148,1.000|1.000|1.000,0.0
carryless_square_scratch,rope+scratch,0,1-2-3-4-5,6-7,24999,id_3d,False,3,256,4,8000,3166734,0.0003,8,token,0.0,False,False,cuda:2,450,1.0,1.0,0.004444,0.24533,1.000|1.000|1.000|1.000|1.000,0.0
carryless_square_scratch,rope+scratch,0,1-2-3-4-5,6-7,24999,id_4d,False,4,256,4,8000,3166734,0.0003,8,token,0.0,False,False,cuda:2,2000,1.0,1.0,0.001,0.224,1.000|1.000|1.000|1.000|1.000|1.000|1.000,0.0
carryless_square_scratch,rope+scratch,0,1-2-3-4-5,6-7,24999,id_5d,False,5,256,4,8000,3166734,0.0003,8,token,0.0,False,False,cuda:2,2000,1.0,1.0,0.001,0.21133,1.000|1.000|1.000|1.000|1.000|1.000|1.000|1.000|1.000,0.0
carryless_square_scratch,rope+scratch,0,1-2-3-4-5,6-7,24999,ood_6d,True,6,256,4,8000,3166734,0.0003,8,token,0.0,False,False,cuda:2,2000,0.0,0.24695,0.001,0.2,0.089|0.208|0.095|0.203|0.112|0.201|0.108|0.261|0.103|0.521|0.816,8.284
carryless_square_scratch,rope+scratch,0,1-2-3-4-5,6-7,24999,ood_7d,True,7,256,4,8000,3166734,0.0003,8,token,0.0,False,False,cuda:2,2000,0.0,0.15865,0.001,0.19642,0.086|0.227|0.098|0.216|0.097|0.134|0.091|0.202|0.103|0.229|0.100|0.358|0.121,10.938
square_scratch,rope+scratch,0,1-2-3-4-5,6-7,24999,train_seen,False,-1,256,4,8000,3166734,0.0003,8,token,0.00821,False,False,cuda:7,2000,0.9555,0.9948,0.0005,0.14399,1.000|1.000|1.000|0.996|0.988|0.984|0.990|0.997|0.998|0.998,1.09
square_scratch,rope+scratch,0,1-2-3-4-5,6-7,24999,id_1d,False,1,256,4,8000,3166734,0.0003,8,token,0.00821,False,False,cuda:7,5,0.6,0.75,0.2,0.375,1.000|0.333,1.0
square_scratch,rope+scratch,0,1-2-3-4-5,6-7,24999,id_2d,False,2,256,4,8000,3166734,0.0003,8,token,0.00821,False,False,cuda:7,45,0.17778,0.63743,0.022222,0.20468,0.889|0.378|0.422|0.917,1.676
square_scratch,rope+scratch,0,1-2-3-4-5,6-7,24999,id_3d,False,3,256,4,8000,3166734,0.0003,8,token,0.00821,False,False,cuda:7,450,0.20444,0.75881,0.002222,0.17073,0.991|0.849|0.447|0.487|0.893|0.931,1.74
square_scratch,rope+scratch,0,1-2-3-4-5,6-7,24999,id_4d,False,4,256,4,8000,3166734,0.0003,8,token,0.00821,False,False,cuda:7,2000,0.139,0.82293,0.0005,0.15096,0.999|1.000|0.986|0.604|0.247|0.834|0.963|0.993,1.595
square_scratch,rope+scratch,0,1-2-3-4-5,6-7,24999,id_5d,False,5,256,4,8000,3166734,0.0003,8,token,0.00821,False,False,cuda:7,2000,0.057,0.79827,0.0005,0.14501,1.000|1.000|0.998|0.962|0.379|0.176|0.581|0.951|0.992|0.992,2.087
square_scratch,rope+scratch,0,1-2-3-4-5,6-7,24999,ood_6d,True,6,256,4,8000,3166734,0.0003,8,token,0.00821,False,False,cuda:7,2000,0.0,0.12052,0.001,0.13803,0.151|0.119|0.111|0.101|0.093|0.093|0.096|0.108|0.117|0.150|0.192|0.114,10.348
square_scratch,rope+scratch,0,1-2-3-4-5,6-7,24999,ood_7d,True,7,256,4,8000,3166734,0.0003,8,token,0.00821,False,False,cuda:7,2000,0.0,0.10536,0.0005,0.13716,0.123|0.111|0.116|0.097|0.101|0.096|0.098|0.101|0.109|0.107|0.102|0.103|0.099|0.116,12.296
raw_sum,rope,0,1-2-3-4-5,6-7,24999,train_seen,False,-1,256,4,8000,3166221,0.0003,8,token,8e-05,False,False,cuda:7,2000,1.0,1.0,0.0005,0.41127,1.000|1.000|1.000|1.000|1.000|1.000|1.000|1.000|1.000|1.000|1.000|1.000|1.000|1.000|1.000|1.000|1.000|1.000|1.000|1.000|1.000|1.000|1.000|1.000|1.000|1.000|1.000,0.0
raw_sum,rope,0,1-2-3-4-5,6-7,24999,id_1d,False,1,256,4,8000,3166221,0.0003,8,token,8e-05,False,False,cuda:7,5,0.0,0.33333,0.2,0.6,0.600|0.200|0.200,2.0
raw_sum,rope,0,1-2-3-4-5,6-7,24999,id_2d,False,2,256,4,8000,3166221,0.0003,8,token,8e-05,False,False,cuda:7,45,0.28889,0.88642,0.022222,0.52099,0.956|0.800|1.000|0.889|0.689|0.956|0.844|0.867|0.978,1.438
raw_sum,rope,0,1-2-3-4-5,6-7,24999,id_3d,False,3,256,4,8000,3166221,0.0003,8,token,8e-05,False,False,cuda:7,450,0.74222,0.98074,0.002222,0.47911,1.000|1.000|1.000|1.000|0.973|0.998|0.891|0.887|0.967|0.996|1.000|1.000|1.000|1.000|1.000,1.121
raw_sum,rope,0,1-2-3-4-5,6-7,24999,id_4d,False,4,256,4,8000,3166221,0.0003,8,token,8e-05,False,False,cuda:7,2000,0.963,0.99817,0.0005,0.43557,1.000|1.000|1.000|1.000|1.000|1.000|1.000|0.999|1.000|0.999|0.975|0.991|1.000|1.000|0.999|1.000|1.000|1.000|1.000|1.000|1.000,1.041
raw_sum,rope,0,1-2-3-4-5,6-7,24999,id_5d,False,5,256,4,8000,3166221,0.0003,8,token,8e-05,False,False,cuda:7,2000,0.859,0.99456,0.0005,0.40213,1.000|1.000|1.000|1.000|1.000|1.000|1.000|1.000|1.000|1.000|0.995|0.999|1.000|0.882|0.984|1.000|0.997|0.998|1.000|1.000|1.000|1.000|1.000|1.000|1.000|1.000|1.000,1.043
raw_sum,rope,0,1-2-3-4-5,6-7,24999,ood_6d,True,6,256,4,8000,3166221,0.0003,8,token,8e-05,False,False,cuda:7,2000,0.0,0.26565,0.001,0.3693,0.242|0.328|0.201|0.323|0.280|0.378|0.091|0.104|0.089|0.146|0.132|0.676|0.085|0.107|0.123|0.114|0.102|0.637|0.097|0.111|0.612|0.134|0.098|0.640|0.106|0.112|0.364|0.281|0.322|0.665|0.000|0.310|0.756,24.233
raw_sum,rope,0,1-2-3-4-5,6-7,24999,ood_7d,True,7,256,4,8000,3166221,0.0003,8,token,8e-05,False,False,cuda:7,2000,0.0,0.19295,0.0005,0.3554,0.096|0.195|0.093|0.324|0.306|0.898|0.105|0.141|0.049|0.067|0.144|0.309|0.117|0.112|0.099|0.202|0.117|0.100|0.100|0.110|0.295|0.105|0.106|0.421|0.095|0.100|0.065|0.190|0.112|0.471|0.097|0.129|0.144|0.108|0.140|0.650|0.000|0.336|0.279,31.475
carry_only,rope,0,1-2-3-4-5,6-7,24999,train_seen,False,-1,256,4,8000,3165708,0.0003,8,token,0.0,False,False,cuda:7,2000,1.0,1.0,0.0005,0.14399,1.000|1.000|1.000|1.000|1.000|1.000|1.000|1.000|1.000|1.000,0.0
carry_only,rope,0,1-2-3-4-5,6-7,24999,id_1d,False,1,256,4,8000,3165708,0.0003,8,token,0.0,False,False,cuda:7,5,1.0,1.0,0.2,0.375,1.000|1.000,0.0
carry_only,rope,0,1-2-3-4-5,6-7,24999,id_2d,False,2,256,4,8000,3165708,0.0003,8,token,0.0,False,False,cuda:7,45,1.0,1.0,0.022222,0.20468,1.000|1.000|1.000|1.000,0.0
carry_only,rope,0,1-2-3-4-5,6-7,24999,id_3d,False,3,256,4,8000,3165708,0.0003,8,token,0.0,False,False,cuda:7,450,1.0,1.0,0.002222,0.17073,1.000|1.000|1.000|1.000|1.000|1.000,0.0
carry_only,rope,0,1-2-3-4-5,6-7,24999,id_4d,False,4,256,4,8000,3165708,0.0003,8,token,0.0,False,False,cuda:7,2000,0.9985,0.99981,0.0005,0.15096,1.000|1.000|1.000|1.000|1.000|1.000|0.999|1.000,1.0
carry_only,rope,0,1-2-3-4-5,6-7,24999,id_5d,False,5,256,4,8000,3165708,0.0003,8,token,0.0,False,False,cuda:7,2000,0.9935,0.99918,0.0005,0.14501,1.000|1.000|1.000|1.000|1.000|0.999|0.997|0.999|0.999|0.999,1.231
carry_only,rope,0,1-2-3-4-5,6-7,24999,ood_6d,True,6,256,4,8000,3165708,0.0003,8,token,0.0,False,False,cuda:7,2000,0.0,0.533,0.001,0.13803,0.891|0.492|0.521|0.546|0.930|0.616|0.131|0.819|0.818|0.325|0.112|0.093,5.495
carry_only,rope,0,1-2-3-4-5,6-7,24999,ood_7d,True,7,256,4,8000,3165708,0.0003,8,token,0.0,False,False,cuda:7,2000,0.0,0.30473,0.0005,0.13716,0.465|0.483|0.283|0.242|0.273|0.128|0.111|0.734|0.781|0.299|0.108|0.095|0.105|0.110,9.556
carryless_square,none,0,1-2-3-4-5,6-7,24999,train_seen,False,-1,256,4,8000,3166221,0.0003,8,token,1.71363,False,False,cuda:2,2000,0.001,0.32506,0.001,0.21624,0.565|0.383|0.204|0.314|0.216|0.446|0.198|0.299|0.286,5.783
carryless_square,none,0,1-2-3-4-5,6-7,24999,id_1d,False,1,256,4,8000,3166221,0.0003,8,token,1.71363,False,False,cuda:2,5,1.0,1.0,0.4,0.4,1.000,0.0
carryless_square,none,0,1-2-3-4-5,6-7,24999,id_2d,False,2,256,4,8000,3166221,0.0003,8,token,1.71363,False,False,cuda:2,45,0.02222,0.36296,0.044444,0.28148,0.467|0.311|0.311,1.955
carryless_square,none,0,1-2-3-4-5,6-7,24999,id_3d,False,3,256,4,8000,3166221,0.0003,8,token,1.71363,False,False,cuda:2,450,0.0,0.27422,0.004444,0.24533,0.393|0.211|0.162|0.433|0.171,3.629
carryless_square,none,0,1-2-3-4-5,6-7,24999,id_4d,False,4,256,4,8000,3166221,0.0003,8,token,1.71363,False,False,cuda:2,2000,0.0,0.26443,0.001,0.224,0.428|0.322|0.129|0.317|0.205|0.268|0.183,5.149
carryless_square,none,0,1-2-3-4-5,6-7,24999,id_5d,False,5,256,4,8000,3166221,0.0003,8,token,1.71363,False,False,cuda:2,2000,0.0,0.24483,0.001,0.21133,0.500|0.294|0.146|0.230|0.115|0.341|0.143|0.214|0.220,6.796
carryless_square,none,0,1-2-3-4-5,6-7,24999,ood_6d,True,6,256,4,8000,3166221,0.0003,8,token,1.71363,False,False,cuda:2,2000,0.0,0.21591,0.001,0.2,0.572|0.299|0.131|0.222|0.126|0.157|0.096|0.199|0.145|0.207|0.222,8.625
carryless_square,none,0,1-2-3-4-5,6-7,24999,ood_7d,True,7,256,4,8000,3166221,0.0003,8,token,1.71363,False,False,cuda:2,2000,0.0,0.21077,0.001,0.19642,0.574|0.284|0.143|0.209|0.123|0.175|0.113|0.219|0.119|0.191|0.129|0.202|0.259,10.26
carryless_square,learned,0,1-2-3-4-5,6-7,24999,train_seen,False,-1,256,4,8000,3170317,0.0003,8,token,0.0,False,False,cuda:2,2000,1.0,1.0,0.001,0.21624,1.000|1.000|1.000|1.000|1.000|1.000|1.000|1.000|1.000,0.0
carryless_square,learned,0,1-2-3-4-5,6-7,24999,id_1d,False,1,256,4,8000,3170317,0.0003,8,token,0.0,False,False,cuda:2,5,1.0,1.0,0.4,0.4,1.000,0.0
carryless_square,learned,0,1-2-3-4-5,6-7,24999,id_2d,False,2,256,4,8000,3170317,0.0003,8,token,0.0,False,False,cuda:2,45,1.0,1.0,0.044444,0.28148,1.000|1.000|1.000,0.0
carryless_square,learned,0,1-2-3-4-5,6-7,24999,id_3d,False,3,256,4,8000,3170317,0.0003,8,token,0.0,False,False,cuda:2,450,1.0,1.0,0.004444,0.24533,1.000|1.000|1.000|1.000|1.000,0.0
carryless_square,learned,0,1-2-3-4-5,6-7,24999,id_4d,False,4,256,4,8000,3170317,0.0003,8,token,0.0,False,False,cuda:2,2000,1.0,1.0,0.001,0.224,1.000|1.000|1.000|1.000|1.000|1.000|1.000,0.0
carryless_square,learned,0,1-2-3-4-5,6-7,24999,id_5d,False,5,256,4,8000,3170317,0.0003,8,token,0.0,False,False,cuda:2,2000,1.0,1.0,0.001,0.21133,1.000|1.000|1.000|1.000|1.000|1.000|1.000|1.000|1.000,0.0
carryless_square,learned,0,1-2-3-4-5,6-7,24999,ood_6d,True,6,256,4,8000,3170317,0.0003,8,token,0.0,False,False,cuda:2,2000,0.002,0.443,0.001,0.2,0.339|0.149|0.138|0.217|0.223|0.204|0.259|0.347|0.997|1.000|1.000,6.139
carryless_square,learned,0,1-2-3-4-5,6-7,24999,ood_7d,True,7,256,4,8000,3170317,0.0003,8,token,0.0,False,False,cuda:2,2000,0.0,0.38565,0.001,0.19642,0.280|0.197|0.133|0.136|0.122|0.215|0.192|0.199|0.237|0.313|0.991|1.000|1.000,7.987
carryless_square,sinusoidal,0,1-2-3-4-5,6-7,24999,train_seen,False,-1,256,4,8000,3166221,0.0003,8,token,0.0,False,False,cuda:2,2000,1.0,1.0,0.001,0.21624,1.000|1.000|1.000|1.000|1.000|1.000|1.000|1.000|1.000,0.0
carryless_square,sinusoidal,0,1-2-3-4-5,6-7,24999,id_1d,False,1,256,4,8000,3166221,0.0003,8,token,0.0,False,False,cuda:2,5,1.0,1.0,0.4,0.4,1.000,0.0
carryless_square,sinusoidal,0,1-2-3-4-5,6-7,24999,id_2d,False,2,256,4,8000,3166221,0.0003,8,token,0.0,False,False,cuda:2,45,1.0,1.0,0.044444,0.28148,1.000|1.000|1.000,0.0
carryless_square,sinusoidal,0,1-2-3-4-5,6-7,24999,id_3d,False,3,256,4,8000,3166221,0.0003,8,token,0.0,False,False,cuda:2,450,1.0,1.0,0.004444,0.24533,1.000|1.000|1.000|1.000|1.000,0.0
carryless_square,sinusoidal,0,1-2-3-4-5,6-7,24999,id_4d,False,4,256,4,8000,3166221,0.0003,8,token,0.0,False,False,cuda:2,2000,1.0,1.0,0.001,0.224,1.000|1.000|1.000|1.000|1.000|1.000|1.000,0.0
carryless_square,sinusoidal,0,1-2-3-4-5,6-7,24999,id_5d,False,5,256,4,8000,3166221,0.0003,8,token,0.0,False,False,cuda:2,2000,1.0,1.0,0.001,0.21133,1.000|1.000|1.000|1.000|1.000|1.000|1.000|1.000|1.000,0.0
carryless_square,sinusoidal,0,1-2-3-4-5,6-7,24999,ood_6d,True,6,256,4,8000,3166221,0.0003,8,token,0.0,False,False,cuda:2,2000,0.0,0.47136,0.001,0.2,0.881|0.246|0.099|0.242|0.105|0.223|0.107|0.295|0.987|1.000|1.000,5.815
carryless_square,sinusoidal,0,1-2-3-4-5,6-7,24999,ood_7d,True,7,256,4,8000,3166221,0.0003,8,token,0.0,False,False,cuda:2,2000,0.0,0.35808,0.001,0.19642,0.381|0.171|0.130|0.154|0.113|0.217|0.097|0.212|0.141|0.070|0.970|1.000|1.000,8.345
carryless_square,abacus,0,1-2-3-4-5,6-7,24999,train_seen,False,-1,256,4,8000,3172877,0.0003,8,token,0.38792,False,False,cuda:2,2000,0.011,0.7219,0.001,0.21624,0.492|0.648|0.718|1.000|0.991|0.936|0.577|0.580|0.480,2.407
carryless_square,abacus,0,1-2-3-4-5,6-7,24999,id_1d,False,1,256,4,8000,3172877,0.0003,8,token,0.38792,False,False,cuda:2,5,1.0,1.0,0.4,0.4,1.000,0.0
carryless_square,abacus,0,1-2-3-4-5,6-7,24999,id_2d,False,2,256,4,8000,3172877,0.0003,8,token,0.38792,False,False,cuda:2,45,1.0,1.0,0.044444,0.28148,1.000|1.000|1.000,0.0
carryless_square,abacus,0,1-2-3-4-5,6-7,24999,id_3d,False,3,256,4,8000,3172877,0.0003,8,token,0.38792,False,False,cuda:2,450,0.20889,0.84178,0.004444,0.24533,0.633|1.000|1.000|1.000|0.576,1.0
carryless_square,abacus,0,1-2-3-4-5,6-7,24999,id_4d,False,4,256,4,8000,3172877,0.0003,8,token,0.38792,False,False,cuda:2,2000,0.008,0.74007,0.001,0.224,0.450|0.666|1.000|1.000|1.000|0.660|0.405,1.834
carryless_square,abacus,0,1-2-3-4-5,6-7,24999,id_5d,False,5,256,4,8000,3172877,0.0003,8,token,0.38792,False,False,cuda:2,2000,0.007,0.71633,0.001,0.21133,0.498|0.626|0.631|1.000|1.000|1.000|0.605|0.599|0.487,2.571
carryless_square,abacus,0,1-2-3-4-5,6-7,24999,ood_6d,True,6,256,4,8000,3172877,0.0003,8,token,0.38792,False,False,cuda:2,2000,0.0,0.33145,0.001,0.2,0.781|0.734|0.101|0.156|0.100|0.129|0.102|0.092|0.104|0.646|0.702,7.354
carryless_square,abacus,0,1-2-3-4-5,6-7,24999,ood_7d,True,7,256,4,8000,3172877,0.0003,8,token,0.38792,False,False,cuda:2,2000,0.0,0.32423,0.001,0.19642,0.971|0.817|0.160|0.410|0.121|0.128|0.086|0.211|0.111|0.199|0.103|0.364|0.535,8.785
carryless_square,rope,0,1-2-3-4-5,6-7,24999,train_seen,False,-1,256,4,8000,3166221,0.0003,8,token,0.0,False,False,cuda:2,2000,1.0,1.0,0.001,0.21624,1.000|1.000|1.000|1.000|1.000|1.000|1.000|1.000|1.000,0.0
carryless_square,rope,0,1-2-3-4-5,6-7,24999,id_1d,False,1,256,4,8000,3166221,0.0003,8,token,0.0,False,False,cuda:2,5,1.0,1.0,0.4,0.4,1.000,0.0
carryless_square,rope,0,1-2-3-4-5,6-7,24999,id_2d,False,2,256,4,8000,3166221,0.0003,8,token,0.0,False,False,cuda:2,45,1.0,1.0,0.044444,0.28148,1.000|1.000|1.000,0.0
carryless_square,rope,0,1-2-3-4-5,6-7,24999,id_3d,False,3,256,4,8000,3166221,0.0003,8,token,0.0,False,False,cuda:2,450,1.0,1.0,0.004444,0.24533,1.000|1.000|1.000|1.000|1.000,0.0
carryless_square,rope,0,1-2-3-4-5,6-7,24999,id_4d,False,4,256,4,8000,3166221,0.0003,8,token,0.0,False,False,cuda:2,2000,1.0,1.0,0.001,0.224,1.000|1.000|1.000|1.000|1.000|1.000|1.000,0.0
carryless_square,rope,0,1-2-3-4-5,6-7,24999,id_5d,False,5,256,4,8000,3166221,0.0003,8,token,0.0,False,False,cuda:2,2000,1.0,1.0,0.001,0.21133,1.000|1.000|1.000|1.000|1.000|1.000|1.000|1.000|1.000,0.0
carryless_square,rope,0,1-2-3-4-5,6-7,24999,ood_6d,True,6,256,4,8000,3166221,0.0003,8,token,0.0,False,False,cuda:2,2000,0.0,0.43009,0.001,0.2,0.724|0.205|0.103|0.593|0.200|0.161|0.112|0.100|0.579|0.956|1.000,6.269
carryless_square,rope,0,1-2-3-4-5,6-7,24999,ood_7d,True,7,256,4,8000,3166221,0.0003,8,token,0.0,False,False,cuda:2,2000,0.0,0.3005,0.001,0.19642,0.299|0.117|0.144|0.185|0.106|0.224|0.118|0.203|0.207|0.080|0.498|0.731|0.993,9.094
